證券代號,成交股數,成交筆數,成交金額,開盤價,最高價,最低價,收盤價,漲跌價差,最後揭示買價,最後揭示買量,最後揭示賣價,最後揭示賣量,本益比
0050,2832064,986,234740002,82.9,83.0,82.7,82.85,0.1,82.85,131,82.9,18,0.0
0051,18000,7,571930,31.79,31.79,31.7,31.7,0.11,31.72,50,31.8,1,0.0
0052,3000,2,171300,57.1,57.1,57.1,57.1,0.0,57.0,1,57.3,1,0.0
0053,38282,7,1399294,36.56,36.57,36.55,36.55,0.12,36.49,50,36.83,8,0.0
0054,0,0,0,,,,,0.0,23.96,50,24.18,9,0.0
0055,63240,16,1051359,16.7,16.7,16.6,16.7,0.09,16.6,57,16.7,3,0.0
0056,513167,359,13326841,26.05,26.05,25.91,25.93,0.08,25.92,4,25.93,9,0.0
0057,2000,2,101850,50.9,50.95,50.9,50.95,0.35,50.7,1,51.0,20,0.0
0058,0,0,0,,,,,0.0,45.85,1,46.22,10,0.0
0059,1000,1,41300,41.3,41.3,41.3,41.3,0.22,41.05,1,41.43,1,0.0
0061,1208301,266,23459889,19.33,19.47,19.33,19.45,0.15,19.43,13,19.45,14,0.0
006203,1000,1,38490,38.49,38.49,38.49,38.49,0.22,38.36,20,38.52,20,0.0
006204,1371,4,72642,54.0,54.0,54.0,54.0,0.3,53.85,20,54.05,100,0.0
006205,2344157,596,77177820,32.91,33.05,32.81,32.94,0.13,32.92,1,32.94,23,0.0
006206,1013485,355,33755480,33.35,33.54,33.2,33.3,0.0,33.29,22,33.3,12,0.0
006207,723351,426,18109042,25.1,25.11,24.96,25.1,0.21,25.08,10,25.1,61,0.0
006208,999,6,47730,,,,,0.0,47.99,10,48.15,1,0.0
00625K,50000,2,357000,7.14,7.14,7.14,7.14,0.02,7.1,50,7.22,20,0.0
00631L,2169100,584,80119550,37.06,37.1,36.75,36.95,0.15,36.88,209,36.95,52,0.0
00632R,45500639,3864,582365839,12.77,12.83,12.77,12.8,0.03,12.8,355,12.81,1750,0.0
00633L,20540600,4189,1042126988,50.65,51.2,50.35,50.65,0.5,50.65,49,50.7,1577,0.0
00634R,1780000,115,11860030,6.65,6.68,6.65,6.66,0.03,6.66,88,6.67,3,0.0
00635U,206000,108,4174990,20.28,20.29,20.25,20.27,0.14,20.25,89,20.27,10,0.0
00636,3463168,848,76126046,21.92,22.07,21.9,21.97,0.08,21.96,28,21.97,66,0.0
00636K,100,1,750,7.5,7.5,7.5,7.5,0.01,7.46,20,7.55,20,0.0
00637L,91153100,10398,1752052410,19.2,19.38,19.07,19.13,0.16,19.13,1940,19.14,3,0.0
00638R,111000,36,1500690,13.55,13.56,13.49,13.51,0.09,13.53,1,13.56,93,0.0
00639,3337792,461,39514127,11.74,11.91,11.74,11.9,0.19,11.9,11,11.91,35,0.0
00640L,2453000,571,56053810,23.12,23.24,22.39,22.5,0.15,22.5,32,22.51,3,0.0
00641R,664000,136,10018000,14.99,15.25,14.92,15.22,0.04,15.18,51,15.22,69,0.0
00642U,2166433,551,39951682,18.48,18.5,18.4,18.44,0.27,18.43,10,18.44,234,0.0
00643,2964116,483,47266924,15.83,16.1,15.81,16.09,0.36,16.08,13,16.09,57,0.0
00643K,0,0,0,,,,,0.0,3.44,20,3.52,20,0.0
00645,702026,49,15414714,22.09,22.11,21.8,21.8,0.01,21.8,91,21.89,1,0.0
00646,27000,18,649400,24.02,24.08,24.02,24.05,0.13,24.06,1,24.08,1,0.0
00647L,166000,101,5315320,32.56,32.56,31.98,32.05,0.19,32.01,2,32.15,1,0.0
00648R,1414000,221,19039690,13.52,13.52,13.44,13.47,0.1,13.47,9,13.48,2,0.0
00649,117000,22,2538140,21.75,21.75,21.66,21.7,0.2,21.67,42,21.7,1,0.0
00650L,217000,97,8108460,36.8,37.5,36.8,37.5,0.93,37.4,10,37.5,4,0.0
00651R,546000,72,4480250,8.2,8.23,8.16,8.18,0.11,8.19,10,8.22,22,0.0
00652,67413,45,1526312,22.65,22.68,22.57,22.68,0.21,22.57,2,22.65,20,0.0
00653L,697000,231,19105930,27.34,27.53,27.2,27.35,0.35,27.35,5,27.37,80,0.0
00654R,176000,28,2692720,15.27,15.36,15.27,15.34,0.11,15.31,12,15.34,7,0.0
00655L,8585750,2311,322604670,37.45,37.9,37.26,37.5,0.4,37.48,14,37.5,7,0.0
00656R,80000,15,1004920,12.54,12.6,12.54,12.58,0.06,12.58,95,12.6,5,0.0
00657,574000,47,15140280,26.81,26.81,26.14,26.23,0.09,26.1,26,26.32,20,0.0
00657K,9800,6,89065,9.06,9.09,8.95,8.95,0.06,8.88,20,9.0,20,0.0
00658L,293000,95,9833710,33.8,34.03,32.59,32.7,0.36,32.7,57,32.74,4,0.0
00659R,740000,114,9938820,13.38,13.64,13.31,13.6,0.07,13.59,50,13.6,1,0.0
00660,14000,12,338960,24.23,24.25,24.17,24.17,0.19,24.17,2,24.23,2,0.0
00661,104000,14,2831560,27.5,27.5,27.0,27.09,0.26,26.76,10,27.1,50,0.0
00662,28967,19,814086,28.06,28.14,28.06,28.06,0.16,28.05,52,28.12,50,0.0
00663L,443000,62,15133140,34.39,34.39,34.05,34.15,0.13,34.15,99,34.2,100,0.0
00664R,1779000,252,25790190,14.48,14.53,14.47,14.51,0.03,14.5,20,14.51,104,0.0
00665L,1078000,249,37799960,34.69,35.4,34.67,35.11,0.49,35.1,30,35.13,100,0.0
00666R,266000,18,3370220,12.65,12.7,12.63,12.7,0.03,12.66,3,12.68,30,0.0
00667,46000,16,1091610,23.87,23.96,23.65,23.8,0.45,23.68,10,23.75,10,0.0
00668,44000,14,1119660,25.39,25.55,25.39,25.45,0.12,25.44,1,25.45,2,0.0
00668K,200,2,1743,8.75,8.75,8.68,8.68,0.05,8.54,50,8.83,100,0.0
00669R,616000,130,8476200,13.77,13.8,13.73,13.78,0.07,13.78,54,13.79,50,0.0
00670L,426000,72,13820390,32.45,32.6,32.36,32.36,0.27,32.36,38,32.37,3,0.0
00671R,336000,81,4931130,14.7,14.71,14.66,14.71,0.07,14.7,3,14.71,93,0.0
00672L,14813156,2928,295359813,20.0,20.05,19.82,19.92,0.64,19.91,62,19.92,350,0.0
00673R,4952000,683,81795130,16.49,16.58,16.47,16.55,0.28,16.54,211,16.55,15,0.0
00674R,46000,17,867600,18.85,18.88,18.85,18.86,0.11,18.86,10,18.89,50,0.0
00675L,515000,98,7615760,14.85,14.85,14.74,14.79,0.05,14.79,62,14.8,2,0.0
00676R,1804000,252,14174350,7.84,7.88,7.84,7.86,0.02,7.85,658,7.86,163,0.0
00677U,37144810,4722,293331926,7.88,7.98,7.83,7.95,0.26,7.94,85,7.95,31,0.0
00678,548448,69,11993673,21.77,21.94,21.77,21.88,0.13,21.87,50,21.88,2,0.0
00680L,1000,1,18390,18.39,18.39,18.39,18.39,0.07,18.44,20,18.49,10,0.0
00681R,14000,3,273480,19.5,19.54,19.5,19.54,0.0,19.51,4,19.54,25,0.0
00682U,20000,13,355960,17.84,17.84,17.78,17.79,0.09,17.78,3,17.79,3,0.0
00683L,1420000,342,22585620,15.89,15.94,15.89,15.9,0.18,15.9,7,15.91,2,0.0
00684R,5000,1,108400,21.68,21.68,21.68,21.68,0.0,21.57,5,21.68,5,0.0
00685L,18000,8,233580,12.96,13.02,12.96,12.96,0.06,12.94,160,12.95,3,0.0
00686R,215000,20,1842500,8.56,8.58,8.55,8.58,0.01,8.57,44,8.58,332,0.0
00688L,276000,10,5172620,18.72,18.75,18.71,18.75,0.09,18.75,15,18.78,20,0.0
00689R,200000,2,3950000,19.75,19.75,19.75,19.75,0.03,19.72,50,19.78,50,0.0
00690,517047,43,11332263,21.96,21.96,21.85,21.87,0.07,21.87,192,21.91,3,0.0
00691R,10000,1,171700,17.17,17.17,17.17,17.17,0.0,17.13,11,17.16,20,0.0
00692,651276,101,14001472,21.52,21.53,21.44,21.45,0.02,21.45,8,21.48,10,0.0
00693U,1023000,177,21217330,20.76,20.8,20.63,20.7,0.11,20.65,17,20.7,46,0.0
00698L,0,0,0,,,,,0.0,17.84,50,17.89,20,0.0
00699R,0,0,0,,,,,0.0,20.46,20,20.52,20,0.0
00700,257275,25,5574475,21.5,21.81,21.5,21.73,0.11,21.69,5,21.7,2,0.0
00701,21372,17,447489,20.93,20.96,20.91,20.91,0.0,20.9,3,20.92,4,0.0
00702,27000,14,521720,19.35,19.39,19.3,19.3,0.03,19.3,58,19.31,14,0.0
00703,1004000,107,22210930,22.04,22.2,22.01,22.2,0.26,22.2,2,22.22,30,0.0
00704L,1000,1,20900,20.9,20.9,20.9,20.9,0.14,20.86,60,20.9,59,0.0
00705R,102000,4,1847240,18.1,18.12,18.1,18.12,0.05,18.08,60,18.12,60,0.0
00706L,286000,67,5897970,20.7,20.7,20.52,20.61,0.22,20.61,63,20.62,16,0.0
00707R,13000,5,249380,19.09,19.28,19.09,19.26,0.11,19.08,28,19.24,13,0.0
00708L,1536000,217,30004760,19.58,19.58,19.5,19.51,0.32,19.51,44,19.52,1,0.0
00709,111740,20,2254483,20.3,20.3,20.17,20.23,0.11,20.14,52,20.23,93,0.0
00710B,0,0,0,,,,,0.0,19.32,20,19.45,21,0.0
00711B,4000,3,75540,18.81,18.91,18.81,18.91,0.0,18.82,1,18.91,3,0.0
00712,26000,5,456580,17.56,17.58,17.56,17.58,0.12,17.56,1,17.58,10,0.0
00713,3541000,958,107391780,30.5,30.5,30.29,30.3,0.2,30.3,50,30.38,100,0.0
00714,113000,11,2029040,18.1,18.1,17.95,17.96,0.08,17.96,4,18.07,5,0.0
00715L,21000,6,446710,21.41,21.41,21.16,21.22,0.46,21.22,2,21.24,60,0.0
00716R,126000,8,2336770,18.51,18.56,18.49,18.54,0.17,18.53,60,18.57,60,0.0
00717,242310,29,4657112,19.21,19.24,19.2,19.2,0.02,19.2,165,19.22,32,0.0
00730,105000,9,2101320,20.05,20.05,20.01,20.01,0.01,20.01,2,20.03,30,0.0
008201,2600,10,273695,103.5,107.2,103.5,106.85,0.15,105.05,3,106.0,5,0.0
01001T,29000,5,392270,13.55,13.55,13.5,13.54,0.01,13.53,15,13.54,77,0.0
01002T,375000,36,5122310,13.64,13.69,13.64,13.69,0.05,13.67,15,13.69,27,0.0
01003T,1206000,109,17619430,14.6,14.63,14.59,14.6,0.0,14.6,16,14.65,50,0.0
01004T,528000,46,6648470,12.52,12.64,12.52,12.64,0.11,12.63,52,12.64,50,0.0
01007T,1008000,46,14133930,14.0,14.09,13.95,14.09,0.09,14.09,3,14.1,53,0.0
1101,3977028,1585,145440864,36.5,36.7,36.45,36.65,0.25,36.6,13,36.65,100,20.03
1102,5064833,2442,141839935,27.45,28.15,27.45,28.15,0.7,28.1,53,28.15,176,17.59
1103,1579252,194,19094797,12.25,12.25,12.0,12.1,0.1,12.05,83,12.1,286,75.63
1104,249516,190,5532852,22.15,22.3,22.1,22.3,0.15,22.2,1,22.3,4,9.65
1108,156270,53,1290500,8.24,8.29,8.24,8.27,0.03,8.26,2,8.27,1,51.69
1109,79801,25,1125864,14.3,14.3,14.05,14.1,0.05,14.05,15,14.1,6,14.69
1110,11000,4,153350,13.9,13.95,13.9,13.95,0.0,13.85,12,13.95,17,0.0
1201,749021,352,17425887,23.5,23.55,23.1,23.25,0.2,23.2,11,23.25,38,0.0
1203,23635,36,619172,26.1,26.7,26.1,26.1,0.0,26.1,1,26.2,6,12.99
1210,2685909,1339,96484362,36.25,36.5,35.6,36.0,0.15,36.0,6,36.05,35,12.33
1213,29000,12,447900,15.45,15.5,15.4,15.45,0.15,15.35,1,15.45,14,110.36
1215,1464387,1074,100078528,68.9,69.3,67.6,68.4,0.1,68.3,29,68.4,2,12.79
1216,1726365,1256,117960972,68.3,68.6,68.1,68.2,0.3,68.2,38,68.3,2,23.93
1217,341832,143,2538768,7.47,7.47,7.41,7.44,0.02,7.43,1,7.44,47,21.88
1218,1176504,455,19892503,16.85,17.0,16.85,16.95,0.1,16.95,5,17.0,127,38.52
1219,52269,33,950566,18.35,18.35,18.1,18.2,0.05,18.1,8,18.2,8,62.76
1220,72304,36,785344,10.9,10.95,10.8,10.9,0.0,10.8,1,10.9,12,18.79
1225,458930,38,32081421,70.9,71.2,70.2,71.2,0.0,71.0,4,71.2,4,43.95
1227,796294,460,54061311,68.0,68.0,67.7,67.9,0.1,67.8,94,67.9,17,27.94
1229,1248416,706,45973942,36.75,37.15,36.5,36.8,0.0,36.8,11,36.85,54,12.56
1231,334364,205,11739743,34.75,35.3,34.75,35.0,0.25,35.0,6,35.05,2,13.06
1232,14101,15,1285281,91.0,91.4,90.8,91.1,0.1,91.0,5,91.1,1,16.87
1233,130370,99,4802241,37.05,37.05,36.65,36.9,0.25,36.75,5,36.9,11,18.54
1234,48413,52,1512420,31.2,31.3,31.15,31.3,0.1,31.25,7,31.3,11,22.52
1235,10523,12,355821,33.8,34.0,33.8,33.85,0.0,33.8,2,33.95,2,7.66
1236,84764,61,1513146,17.6,18.15,17.6,17.95,0.3,17.9,1,18.0,22,359.0
1256,352681,320,62529675,178.0,179.0,175.5,176.0,0.0,176.0,12,176.5,5,19.36
1262,888700,638,49573818,56.3,56.5,55.2,55.2,0.9,55.2,12,55.9,3,6.97
1301,4052036,2490,409577636,101.5,102.0,100.5,101.5,0.0,101.0,37,101.5,565,13.3
1303,4491702,3170,355422379,79.5,79.5,79.0,79.3,0.3,79.2,1,79.3,10,9.95
1304,886025,457,13255458,14.9,15.0,14.9,15.0,0.15,14.95,34,15.0,12,14.56
1305,6075281,3068,196312718,31.6,32.7,31.55,32.4,0.8,32.3,18,32.4,11,10.76
1307,246368,162,8087652,33.2,33.2,32.65,32.8,0.4,32.75,4,32.9,1,11.88
1308,311670,176,5463101,17.6,17.65,17.45,17.55,0.05,17.5,27,17.55,10,13.1
1309,7985476,1783,95191460,12.35,12.4,11.7,11.7,0.65,11.7,416,11.75,2,10.64
1310,3319446,1177,69549462,20.7,21.2,20.65,21.0,0.45,20.95,32,21.0,49,8.61
1312,5623632,2261,158162824,28.1,28.45,27.95,27.95,0.1,27.95,31,28.0,5,8.22
1312A,0,0,0,,,,,0.0,33.3,10,33.6,1,0.0
1313,3458795,1108,61732943,17.9,17.95,17.7,17.85,0.3,17.85,36,17.9,30,8.93
1314,12364868,2693,159569977,13.0,13.0,12.85,12.85,0.05,12.85,689,12.9,549,5.69
1315,12533,8,329814,26.35,26.35,26.3,26.3,0.05,26.25,1,26.3,3,17.65
1316,510080,233,10642297,20.75,21.05,20.7,20.75,0.0,20.75,31,20.8,14,7.18
1319,1129249,672,59728697,52.5,53.4,52.4,53.1,0.9,53.0,3,53.1,7,12.98
1321,63000,41,1760000,28.0,28.3,27.7,27.9,0.05,27.8,1,28.0,8,0.0
1323,116200,80,3978459,34.35,34.45,34.15,34.25,0.25,34.15,2,34.3,5,12.28
1324,3955063,1118,56899032,15.3,15.3,13.5,14.95,0.05,14.85,22,14.95,3,14.95
1325,17250,15,317087,18.4,18.4,18.35,18.35,0.05,18.35,4,18.4,12,24.47
1326,5573838,3076,586113900,106.0,106.0,104.5,105.5,0.0,105.0,133,105.5,5,13.07
1337,1043936,381,12279242,11.6,11.9,11.55,11.65,0.1,11.65,46,11.7,5,15.33
1338,172014,143,18282026,107.0,107.0,106.0,106.0,1.0,106.0,8,106.5,3,11.7
1339,58000,39,2368950,41.0,41.2,40.75,40.85,0.15,40.8,1,41.0,10,7.95
1340,213832,144,9639794,45.2,45.3,44.95,44.95,0.25,44.95,11,45.0,3,7.07
1402,2291669,1164,58878649,25.75,25.8,25.55,25.65,0.1,25.6,200,25.65,2,15.55
1409,1318459,397,12438161,9.4,9.47,9.4,9.47,0.07,9.44,10,9.47,47,16.61
1410,39292,23,921011,23.45,23.5,23.4,23.5,0.1,23.4,2,23.5,2,16.91
1413,386108,141,3619855,9.3,9.43,9.3,9.38,0.05,9.38,7,9.42,3,10.66
1414,297982,126,2314127,7.79,7.83,7.73,7.77,0.02,7.75,9,7.77,6,15.24
1416,158776,82,2494493,15.8,15.9,15.6,15.6,0.2,15.65,2,15.7,16,222.86
1417,1020300,197,4785718,4.65,4.78,4.62,4.69,0.04,4.68,20,4.69,2,0.0
1418,12875,19,122285,9.28,9.93,9.28,9.87,0.03,9.51,1,10.0,2,0.0
1419,3203,14,142228,44.35,44.5,44.35,44.5,0.2,44.75,5,44.9,7,108.54
1423,129707,45,1079675,8.38,8.4,8.3,8.35,0.03,8.31,9,8.35,2,39.76
1432,87950,36,1029219,11.85,11.85,11.6,11.6,0.2,11.6,8,11.75,5,0.0
1434,497476,268,15319910,30.95,30.95,30.7,30.7,0.05,30.7,18,30.75,1,12.23
1435,162019,65,914613,5.7,5.73,5.6,5.68,0.03,5.65,5,5.69,8,94.67
1436,25513,23,1023209,40.05,40.35,39.8,40.0,0.35,39.6,1,40.15,2,19.8
1437,48640,25,843903,17.45,17.45,17.3,17.4,0.0,17.35,2,17.4,2,11.52
1438,166024,64,1082005,6.98,6.98,6.4,6.5,0.39,6.5,45,6.59,15,0.0
1439,794666,394,19093634,24.15,24.35,23.35,24.0,0.0,23.85,1,24.0,4,100.0
1440,446768,164,6023677,13.5,13.55,13.4,13.5,0.0,13.45,5,13.5,2,30.0
1441,466741,214,6044277,12.95,12.95,12.95,12.95,1.15,12.95,11068,,0,0.0
1442,88335,40,1630866,18.4,18.55,18.35,18.55,0.15,18.45,21,18.55,4,11.82
1443,16009,14,93751,5.99,6.03,5.81,5.81,0.23,5.68,3,5.85,1,0.0
1444,3229681,1090,36518573,11.4,11.45,11.2,11.25,0.1,11.25,140,11.3,86,59.21
1445,898335,128,7600710,8.46,8.52,8.4,8.5,0.0,8.45,5,8.5,58,65.38
1446,236006,149,5455237,22.8,23.5,22.65,23.0,0.3,23.0,4,23.1,1,0.0
1447,703271,196,5653918,8.06,8.07,8.02,8.05,0.04,8.03,5,8.05,14,0.0
1449,84201,27,456203,5.42,5.45,5.39,5.44,0.0,5.4,1,5.43,3,0.0
1451,214964,184,5023155,23.35,23.6,23.25,23.4,0.2,23.4,3,23.45,11,16.48
1452,212155,116,4555560,21.5,21.55,21.4,21.45,0.0,21.4,77,21.45,2,13.16
1453,422923,159,4407256,10.1,10.9,10.1,10.4,0.3,10.35,5,10.4,2,0.0
1454,36000,12,302140,8.44,8.44,8.35,8.35,0.01,8.35,4,8.36,2,43.95
1455,906985,451,9755337,10.8,10.85,10.7,10.7,0.05,10.7,67,10.75,20,22.29
1456,46018,11,478584,10.4,10.4,10.4,10.4,0.0,10.25,1,10.35,1,16.0
1457,1481646,362,20633433,13.9,14.0,13.85,13.9,0.1,13.9,84,13.95,35,15.98
1459,152080,45,1323222,8.71,8.73,8.69,8.7,0.01,8.69,1,8.7,2,0.0
1460,253686,131,3556954,14.1,14.1,13.95,13.95,0.15,13.95,60,14.0,5,18.12
1463,700475,361,15987225,22.85,23.15,22.55,23.0,0.4,22.95,16,23.0,5,3.42
1464,256489,175,6143986,24.1,24.1,23.9,23.9,0.2,23.9,100,24.0,22,19.75
1465,38000,21,573850,15.2,15.2,15.05,15.2,0.05,15.05,10,15.2,2,22.03
1466,71527,28,784613,11.05,11.1,10.9,10.9,0.05,10.9,11,11.05,2,0.0
1467,286004,125,3354445,11.8,11.85,11.65,11.75,0.05,11.7,4,11.75,12,0.0
1468,21000,8,205960,9.85,9.85,9.78,9.83,0.03,9.48,1,9.84,4,0.0
1469,64000,19,896150,13.95,14.1,13.9,14.05,0.0,14.0,2,14.05,8,0.0
1470,5000,4,86600,17.35,17.35,17.3,17.3,0.05,17.3,19,18.2,6,35.31
1471,518937,238,3967514,7.83,7.83,7.55,7.59,0.11,7.59,14,7.6,7,0.0
1472,40000,24,1110050,27.8,28.0,27.1,27.85,0.1,27.35,3,28.05,1,0.0
1473,45120,32,1063468,23.7,23.7,23.5,23.7,0.05,23.5,9,23.7,4,55.12
1474,117002,51,1351572,11.55,11.6,11.5,11.55,0.0,11.55,1,11.6,15,13.43
1475,143620,141,6546831,45.6,47.0,45.0,45.15,3.65,45.1,2,45.75,1,0.0
1476,3146246,2426,1029063696,329.0,331.0,322.0,327.0,7.5,326.5,2,327.0,1,26.85
1477,564535,449,74582620,132.5,133.0,131.0,132.5,1.0,132.0,5,132.5,2,22.81
1503,23541,22,963546,41.2,41.2,40.9,40.95,0.05,40.95,1,41.0,4,16.51
1504,2176859,1154,58231362,26.5,26.9,26.4,26.85,0.5,26.8,159,26.85,8,15.89
1506,46004,33,952680,20.8,20.9,20.55,20.7,0.1,20.6,2,20.7,7,172.5
1507,538698,235,32271765,60.1,60.3,59.6,59.9,0.1,59.8,6,59.9,4,19.9
1512,465308,158,5933358,12.85,12.9,12.6,12.7,0.1,12.65,7,12.7,7,0.0
1513,609070,295,12256543,20.2,20.25,20.05,20.05,0.05,20.05,39,20.1,3,20.05
1514,467468,153,5170448,11.15,11.15,11.0,11.0,0.05,11.0,51,11.05,3,34.38
1515,1526253,909,71595486,47.95,48.0,46.25,46.6,0.85,46.6,2,46.75,2,51.21
1516,2049265,844,58827043,29.0,29.0,27.4,28.2,1.8,28.2,2,28.25,2,53.21
1517,112559,49,1219132,10.8,10.9,10.8,10.9,0.0,10.85,2,10.9,37,0.0
1519,337601,163,7078489,20.85,21.1,20.85,21.0,0.15,20.95,13,21.05,5,67.74
1521,29300,28,2293050,78.7,78.7,78.0,78.1,0.2,78.0,12,78.1,1,11.24
1522,532344,355,16245756,30.6,30.7,30.35,30.5,0.0,30.45,16,30.55,18,10.97
1524,258010,114,2703150,10.5,10.55,10.45,10.45,0.05,10.45,29,10.5,12,9.86
1525,28602,29,2316000,80.9,81.5,80.6,81.0,0.4,81.0,1,81.3,1,10.69
1526,899500,701,75020097,82.0,85.0,81.6,84.2,2.9,84.1,1,84.2,11,29.03
1527,341865,286,19993751,58.8,59.0,57.9,58.1,0.4,58.1,5,58.3,2,14.31
1528,14992335,5083,242976631,16.5,16.5,15.55,16.15,1.15,16.15,43,16.2,32,21.25
1529,58001,17,201223,3.69,3.69,3.41,3.41,0.09,3.41,6,3.42,6,0.0
1530,18000,13,592950,33.0,33.0,32.85,32.9,0.05,32.85,4,32.95,1,19.94
1531,379000,201,8263400,21.85,22.1,21.6,21.6,0.05,21.6,13,21.7,6,24.55
1532,141606,100,4021748,28.25,28.5,28.25,28.5,0.15,28.35,6,28.5,1,15.83
1533,51600,42,1946100,37.8,37.95,37.65,37.8,0.0,37.8,3,37.9,1,33.16
1535,246054,186,11644792,46.3,48.5,46.3,47.25,1.05,47.25,1,47.3,6,35.26
1536,1127310,729,143542180,128.0,128.5,126.5,127.5,1.5,127.0,11,127.5,74,26.13
1537,147112,112,21260293,144.0,146.0,144.0,145.5,0.5,145.0,24,146.0,33,12.74
1538,173032,70,983019,5.8,5.95,5.58,5.77,0.03,5.71,1,5.78,5,0.0
1539,111000,73,1998100,18.15,18.35,17.8,17.9,0.3,17.9,9,17.95,4,8.91
1540,125150,76,2097719,16.8,16.85,16.7,16.85,0.1,16.8,12,16.85,8,22.47
1541,3067,4,134598,43.65,44.0,43.65,44.0,0.35,43.7,1,44.0,3,16.48
1558,181661,139,23079447,126.5,129.5,125.5,127.0,2.0,127.0,3,127.5,3,11.95
1560,300116,228,23538122,78.6,78.9,78.2,78.5,0.2,78.5,12,78.6,2,15.1
1568,221000,145,7165900,32.65,32.95,32.1,32.1,0.5,32.1,8,32.2,6,16.46
1582,588892,447,36875066,62.8,63.0,62.3,63.0,0.1,62.8,3,63.0,4,10.61
1583,26000,20,1688500,64.8,65.4,64.8,64.8,0.0,64.8,2,64.9,3,19.23
1589,2587599,1693,196798982,76.0,79.0,75.1,75.2,4.7,75.2,7,75.5,1,16.03
1590,753722,710,360273641,483.5,486.5,474.0,475.0,5.0,475.0,35,476.0,1,31.62
1592,50000,43,1588250,32.0,32.0,31.6,31.6,0.35,31.6,5,31.95,3,10.71
1598,356000,252,14799550,41.9,42.4,41.25,41.65,0.25,41.25,1,41.65,7,160.19
1603,28004,13,695499,24.85,24.85,24.8,24.85,0.1,24.85,18,25.0,7,19.12
1604,1477325,523,19917108,13.35,13.55,13.35,13.55,0.25,13.5,27,13.55,247,14.26
1605,6468862,1827,113344787,17.5,17.7,17.4,17.45,0.0,17.45,46,17.5,51,8.86
1608,756502,272,8051421,10.75,10.75,10.6,10.65,0.05,10.65,2,10.7,35,12.99
1609,5548014,1956,72421463,13.3,13.35,12.9,12.95,0.25,12.95,125,13.0,48,18.24
1611,300019,125,3047440,10.2,10.2,10.15,10.15,0.0,10.15,23,10.2,161,0.0
1612,275001,85,3148812,11.45,11.5,11.4,11.45,0.05,11.4,21,11.45,9,16.84
1614,16000,7,374100,23.35,23.5,23.35,23.4,0.05,23.4,4,23.5,5,33.91
1615,196200,88,3118280,16.0,16.1,15.65,16.0,0.2,15.95,1,16.0,29,12.12
1616,1718319,493,10324655,6.09,6.17,5.9,5.9,0.31,5.9,37,6.0,5,0.0
1617,130000,49,1848400,14.3,14.4,14.1,14.1,0.3,14.1,7,14.25,3,13.43
1618,133816,69,1294989,9.74,9.83,9.62,9.62,0.08,9.62,3,9.64,14,34.36
1626,13000,10,310450,24.0,24.15,23.7,23.8,0.1,23.95,1,24.05,4,22.88
1701,1117751,414,21525017,19.3,19.35,19.1,19.35,0.2,19.35,26,19.4,91,19.55
1702,623264,483,38467668,60.7,62.4,60.5,61.5,1.4,61.5,16,61.6,4,14.89
1704,1256146,746,55347874,43.75,44.25,43.6,44.25,0.5,44.15,4,44.25,19,9.58
1707,2216354,1841,525614912,237.0,241.0,231.0,239.0,4.0,238.0,2,239.0,64,23.8
1708,351643,198,10634710,30.2,30.4,30.15,30.25,0.05,30.2,27,30.25,1,9.7
1709,522646,257,9316138,17.55,18.15,17.55,18.1,0.55,18.05,8,18.1,42,12.07
1710,3293698,1346,97545055,29.65,29.75,29.5,29.65,0.1,29.65,10,29.7,31,16.94
1711,929406,138,16495228,17.9,17.9,17.65,17.75,0.05,17.75,24,17.8,4,32.87
1712,653493,213,11087781,17.05,17.05,16.9,17.0,0.05,16.95,9,17.0,57,10.56
1713,1164112,86,22052028,18.95,19.35,18.75,18.95,0.35,18.8,1,18.95,33,39.48
1714,963392,473,8601190,8.94,8.99,8.86,8.99,0.08,8.94,4,8.99,18,17.63
1717,283816,186,8553880,30.15,30.25,30.05,30.25,0.1,30.1,8,30.25,23,20.72
1718,4503341,1072,42290270,9.31,9.5,9.31,9.35,0.1,9.35,11,9.36,10,15.58
1720,197100,129,6518190,33.0,33.2,32.9,33.1,0.2,32.95,22,33.1,15,15.05
1721,144816,65,1827447,12.7,12.75,12.55,12.65,0.05,12.6,5,12.65,11,22.19
1722,1831846,1178,71265026,38.55,39.15,38.55,39.0,0.5,38.95,14,39.0,26,54.17
1723,2352847,1749,364626091,153.5,157.0,153.0,154.0,2.0,153.5,3,154.0,24,31.43
1724,49100,20,691600,14.15,14.15,14.05,14.1,0.15,14.05,8,14.1,4,21.36
1725,22000,17,321800,14.8,14.85,14.55,14.65,0.15,14.65,2,14.8,3,11.45
1726,67025,69,5480257,82.4,82.5,81.4,82.0,0.4,81.9,4,82.7,1,15.5
1727,81579,38,1221776,15.05,15.05,14.9,15.0,0.15,14.95,1,15.0,8,18.07
1730,74340,43,3251910,43.6,43.9,43.6,43.8,0.3,43.65,7,43.85,3,14.27
1731,120002,51,1657326,13.9,13.9,13.75,13.75,0.1,13.75,24,13.8,1,21.15
1732,25000,14,309300,12.45,12.45,12.3,12.4,0.0,12.35,2,12.4,6,0.0
1733,547450,400,16348106,30.1,30.2,29.5,29.9,0.8,29.85,2,29.9,6,0.0
1734,137384,81,2944744,21.55,21.55,21.35,21.5,0.05,21.45,6,21.5,24,65.15
1735,35000,21,525000,15.2,15.5,14.9,15.0,0.05,14.9,4,15.1,2,29.41
1736,51499,45,1684715,33.0,33.0,32.55,32.7,0.3,32.6,1,32.7,2,27.71
1737,132927,86,3711256,27.9,28.0,27.8,28.0,0.1,27.9,3,28.0,5,15.64
1760,497564,365,29567894,60.1,60.6,58.3,59.6,0.3,59.6,2,59.7,4,31.2
1762,64100,60,1540385,24.15,24.2,23.8,23.95,0.2,23.95,2,24.0,5,27.85
1773,171558,126,14715976,86.6,86.8,85.0,85.4,1.5,85.4,3,85.5,2,14.57
1776,5080,6,105718,21.0,21.0,20.75,20.75,0.25,20.8,1,21.0,40,14.82
1783,135014,98,2900048,21.35,21.75,21.2,21.2,0.05,21.1,5,21.2,2,92.17
1786,6852923,4147,395863214,56.9,59.4,55.5,59.4,5.4,59.4,71,,0,144.88
1789,425647,302,13819820,32.7,32.85,32.3,32.6,0.1,32.45,2,32.6,7,50.94
1802,2698821,1010,47179864,17.35,17.75,17.35,17.5,0.2,17.45,3,17.5,69,60.34
1805,129140,49,1525252,11.9,12.0,11.7,12.0,0.05,11.7,4,12.0,21,0.0
1806,500060,148,4265806,8.58,8.62,8.43,8.5,0.08,8.5,1,8.52,30,0.0
1808,160884,105,7149649,44.5,44.6,44.2,44.4,0.0,44.4,22,44.45,8,19.39
1809,541044,229,6894354,12.9,12.9,12.65,12.65,0.05,12.65,4,12.7,17,1265.0
1810,231700,69,2187921,9.49,9.5,9.42,9.47,0.02,9.46,2,9.47,9,33.82
1817,104000,93,4426000,42.6,42.7,42.4,42.6,0.0,42.5,8,42.6,2,11.83
1902,121051,63,2236482,18.55,18.55,18.4,18.4,0.0,18.35,8,18.4,4,0.0
1903,31003,20,1091005,35.3,35.3,35.0,35.3,0.0,35.3,1,35.35,2,0.0
1904,2414970,873,40697758,16.85,16.95,16.7,16.7,0.05,16.7,160,16.75,1,14.65
1905,939500,296,11049898,11.8,11.85,11.7,11.7,0.0,11.7,243,11.75,45,20.53
1906,604200,151,17588719,29.25,29.25,28.85,28.85,0.2,28.85,15,28.95,1,3.48
1907,2928839,978,40679510,13.95,14.0,13.8,13.9,0.05,13.85,52,13.9,267,15.11
1909,3427954,1630,126660399,36.6,37.3,36.5,36.8,0.3,36.75,2,36.8,4,9.44
2002,14120354,6723,332419904,23.5,23.65,23.5,23.6,0.1,23.55,116,23.6,174,25.65
2002A,10000,5,423000,42.3,42.3,42.3,42.3,0.0,42.3,5,42.45,1,0.0
2006,513170,353,12503689,24.5,24.5,24.25,24.45,0.05,24.4,2,24.45,8,16.75
2007,133788,38,753150,5.65,5.67,5.54,5.61,0.02,5.56,7,5.6,5,0.0
2008,42191,13,533486,12.65,12.65,12.6,12.6,0.05,12.6,19,12.65,10,0.0
2009,821527,313,9651165,11.9,11.9,11.7,11.7,0.1,11.7,121,11.75,4,20.17
2010,175481,84,1974483,11.35,11.35,11.2,11.25,0.1,11.25,28,11.3,15,19.07
2012,111925,50,1921516,17.35,17.35,17.1,17.2,0.05,17.1,18,17.2,22,17.2
2013,350490,208,7392784,21.4,21.4,21.0,21.0,0.4,21.0,45,21.1,3,95.45
2014,12320791,2782,153105898,12.8,12.85,12.25,12.3,0.2,12.3,462,12.35,55,9.53
2015,694026,483,40982234,59.6,59.8,58.6,58.8,0.7,58.8,12,59.0,4,15.93
2017,1313642,441,13913038,10.8,10.8,10.5,10.65,0.05,10.6,1,10.65,43,12.24
2020,294503,57,4146692,14.05,14.15,14.0,14.05,0.0,14.05,1,14.1,5,9.37
2022,702014,233,4693395,6.71,6.74,6.65,6.66,0.03,6.65,12,6.66,4,0.0
2023,2609330,753,28721980,10.95,11.15,10.9,11.0,0.05,11.0,28,11.05,61,10.09
2024,626013,242,6966893,11.25,11.3,11.0,11.05,0.15,11.05,32,11.1,31,10.52
2025,161100,37,536516,3.31,3.38,3.31,3.38,0.01,3.32,30,3.38,3,24.14
2027,22794565,7323,632027153,28.2,28.5,27.3,27.5,1.1,27.5,236,27.55,2,18.46
2028,325391,103,3252781,10.25,10.25,9.9,9.96,0.02,9.9,10,9.96,9,6.43
2029,226000,158,6052650,27.05,27.05,26.7,26.8,0.25,26.8,1,26.85,9,8.7
2030,874572,410,14272651,16.45,16.5,16.25,16.25,0.05,16.25,60,16.3,1,8.6
2031,1488315,543,44577472,30.1,30.2,29.8,30.0,0.0,29.9,10,30.0,141,9.97
2032,184949,67,1937666,10.5,10.55,10.45,10.45,0.05,10.45,93,10.5,4,55.0
2033,2729180,1162,42018400,15.75,16.0,15.05,15.05,0.8,15.05,17,15.2,5,27.36
2034,573681,299,14975822,26.1,26.25,26.0,26.2,0.1,26.1,4,26.2,116,11.75
2038,2759500,1037,35717722,13.05,13.15,12.75,12.75,0.2,12.75,28,12.8,12,75.0
2049,1451484,1327,564606792,395.0,395.0,386.5,387.5,5.0,387.5,13,388.0,5,46.13
2059,121051,104,50907369,428.0,430.5,415.5,420.5,3.5,420.5,1,421.0,5,44.08
2062,112110,85,4027258,35.8,36.15,35.7,35.9,0.0,35.9,3,36.0,2,26.99
2069,15054,10,358074,23.9,23.9,23.7,23.8,0.05,23.8,5,23.85,12,14.69
2101,266233,157,6946504,26.05,26.3,26.0,26.2,0.15,26.1,22,26.25,14,33.16
2102,317913,155,4125112,13.05,13.05,12.9,12.95,0.1,12.9,27,12.95,9,0.0
2103,458973,324,14570574,31.75,31.95,31.55,31.85,0.1,31.7,3,31.85,34,42.47
2104,1965225,1058,96441026,49.1,49.65,48.8,49.65,0.65,49.6,4,49.65,25,13.24
2105,2360298,1437,116431359,49.6,49.65,49.2,49.25,0.05,49.25,39,49.3,10,23.01
2106,402438,284,14294957,35.45,35.75,35.35,35.65,0.25,35.45,7,35.65,4,26.41
2107,341836,217,5178528,15.2,15.25,15.05,15.1,0.05,15.1,17,15.15,26,15.1
2108,249284,147,5568241,22.4,22.45,22.2,22.35,0.05,22.35,14,22.45,9,16.31
2109,1572699,645,24891934,15.85,16.15,15.5,16.15,0.3,16.0,10,16.15,66,0.0
2114,28014,15,2422022,86.5,86.5,86.2,86.5,0.1,86.5,5,86.9,1,18.06
2115,55049,46,2263149,41.1,41.5,41.0,41.0,0.05,40.95,1,41.45,2,11.02
2201,1626144,795,37824634,23.3,23.35,23.2,23.2,0.05,23.2,310,23.3,31,22.97
2204,1281364,663,34437828,26.55,27.05,26.55,27.05,0.5,26.95,17,27.05,91,10.36
2206,3515023,1155,75953887,21.5,21.8,21.4,21.45,0.05,21.45,385,21.5,3,31.54
2207,369397,335,116363452,313.5,318.0,311.0,313.5,0.0,313.5,8,314.0,1,16.6
2208,819560,267,11324971,14.1,14.1,13.7,13.8,0.0,13.8,5,13.85,35,0.0
2227,23439,28,5940664,252.0,255.0,252.0,253.5,1.0,253.0,5,254.0,2,12.15
2228,136370,115,13507914,100.5,100.5,98.0,98.6,2.4,98.5,16,99.2,10,14.13
2231,1541458,1435,642302570,422.0,424.0,410.0,416.5,2.5,416.0,1,416.5,1,35.91
2236,33000,21,1691900,51.5,51.5,50.8,51.5,0.4,50.9,4,51.5,7,14.8
2239,88065,85,14226932,162.5,162.5,160.5,162.0,2.0,161.5,4,162.0,1,19.26
2243,37000,32,1296100,34.5,35.6,34.25,34.6,0.5,34.6,1,35.2,1,11.93
2301,5131345,2550,218937777,42.5,42.9,42.45,42.6,0.1,42.6,34,42.65,15,37.7
2302,3365048,976,22943911,7.1,7.1,6.6,6.65,0.58,6.65,7,6.77,2,0.0
2303,171989378,20609,2651138719,15.6,15.7,15.05,15.1,0.35,15.1,200,15.15,5206,17.76
2305,17152688,2596,196069681,11.2,11.6,10.8,10.95,0.0,10.95,61,11.0,50,3.67
2308,10041144,4560,1360678228,137.5,137.5,133.5,135.5,1.5,135.5,126,136.0,326,19.14
2311,29290187,10108,1248628360,42.8,43.1,42.15,42.45,0.4,42.4,143,42.45,203,15.66
2312,1262743,572,12868522,10.2,10.25,10.15,10.25,0.05,10.2,9,10.25,254,24.4
2313,20429214,8436,659023697,32.7,32.8,31.85,31.9,0.35,31.9,297,31.95,23,11.9
2314,1177087,624,32913186,27.95,28.2,27.8,28.0,0.2,27.85,5,28.0,10,32.56
2316,655499,406,11815676,18.25,18.25,17.85,17.85,0.45,17.85,2,17.95,3,33.06
2317,87372802,38336,8001130684,91.0,92.3,90.3,91.9,2.5,91.8,373,91.9,263,11.72
2321,27693,18,80375,2.93,2.93,2.9,2.9,0.0,2.9,8,2.92,3,0.0
2323,14476164,2222,67629478,4.65,4.73,4.58,4.65,0.09,4.65,160,4.66,51,0.0
2324,6942883,3087,141638405,20.4,20.6,20.3,20.4,0.05,20.35,54,20.4,766,14.27
2325,928949,322,47174290,50.8,50.8,50.7,50.8,0.1,50.7,8306,50.8,830,22.99
2327,11194826,8984,4544052434,400.0,417.0,394.0,405.5,5.0,405.5,18,406.0,6,27.51
2328,3908223,1680,89378633,22.45,23.1,22.45,22.9,0.5,22.85,25,22.9,36,17.75
2329,991638,347,8815877,8.8,8.95,8.8,8.92,0.12,8.91,1,8.92,44,0.0
2330,22887063,7050,5723277170,250.0,251.0,248.5,250.5,1.0,250.5,76,251.0,884,18.93
2331,2378939,1041,44227818,18.85,18.85,18.4,18.5,0.3,18.5,49,18.55,22,14.34
2332,11769505,2621,141217096,11.8,12.2,11.8,11.8,0.15,11.8,228,11.85,280,0.0
2337,83658282,28507,3891426899,46.0,47.2,45.6,46.65,2.45,46.6,98,46.65,146,23.09
2338,2403437,901,46086914,19.45,19.6,18.85,18.95,0.35,18.95,23,19.0,13,0.0
2340,3244708,1649,76642819,23.8,23.8,23.5,23.65,0.15,23.6,31,23.65,55,14.51
2342,281167,212,7928208,28.5,28.5,27.9,28.0,0.5,28.0,13,28.1,31,0.0
2344,70320320,18710,1419388276,20.1,20.45,20.0,20.05,0.45,20.0,3407,20.05,117,14.42
2345,3949423,2362,451279722,114.0,115.5,113.0,114.5,2.5,114.0,11,114.5,36,25.56
2347,1995662,1128,76218914,38.35,38.35,38.05,38.1,0.05,38.05,178,38.1,14,11.21
2348,1034,3,28434,27.55,27.55,27.55,27.55,0.5,27.25,1,28.05,1,20.41
2349,6502434,1192,34537561,5.26,5.36,5.23,5.32,0.09,5.32,103,5.33,214,0.0
2351,8440209,5206,720426520,80.8,87.7,80.7,87.7,7.9,87.7,77,,0,21.29
2352,11715184,3251,253416342,21.85,21.95,21.35,21.6,0.05,21.55,298,21.6,135,7.77
2353,42564286,14481,1115720727,26.0,26.65,25.85,26.1,0.3,26.1,13,26.15,200,0.0
2354,3550419,2335,283434620,79.1,80.3,79.1,79.7,0.7,79.6,94,79.7,13,14.6
2355,1083353,910,59141442,54.9,55.2,54.4,54.4,0.5,54.3,65,54.4,95,11.24
2356,6728597,1841,154859381,22.9,23.1,22.8,23.1,0.2,23.05,110,23.1,1865,12.35
2357,895129,743,241882757,273.0,273.0,269.0,269.5,3.5,269.5,35,270.5,20,12.18
2358,176750,85,3961349,22.4,22.65,22.3,22.45,0.05,22.4,3,22.55,2,0.0
2359,3704414,1758,86008102,22.65,23.7,22.55,23.5,1.05,23.45,58,23.5,21,25.82
2360,8749835,5607,1497175105,183.0,183.5,161.0,162.5,9.0,162.5,54,163.0,12,32.24
2362,625021,356,18464667,29.3,29.7,29.25,29.6,0.3,29.5,56,29.6,36,25.52
2363,8427023,2185,83787422,10.15,10.2,9.8,9.92,0.13,9.91,10,9.92,12,0.0
2364,324265,114,846146,2.47,2.69,2.47,2.69,0.24,2.69,279,,0,0.0
2365,574908,268,6085581,10.65,10.7,10.5,10.5,0.25,10.5,60,10.55,10,0.0
2367,12003570,4232,228995652,18.95,19.35,18.75,19.1,0.4,19.05,412,19.1,26,38.2
2368,3170550,756,30735048,9.57,9.76,9.57,9.64,0.11,9.64,4,9.66,12,0.0
2369,894130,424,12338887,13.8,13.85,13.75,13.8,0.1,13.75,50,13.8,61,34.5
2371,42222990,8381,1031393825,24.95,24.95,24.05,24.05,0.65,24.05,484,24.1,11,601.25
2373,306626,225,28225726,91.8,92.4,91.7,92.3,0.2,92.2,5,92.3,5,14.65
2374,883835,409,17374499,19.7,19.8,19.55,19.65,0.05,19.65,7,19.7,1,15.72
2375,1216183,709,53606352,43.9,44.55,43.5,44.15,0.3,44.1,5,44.15,18,21.23
2376,8793511,5845,613302309,70.7,70.7,69.1,69.4,3.0,69.4,20,69.5,14,17.89
2377,5393132,3703,484127061,89.4,91.1,88.6,90.1,0.0,90.0,49,90.1,76,15.75
2379,2219320,1417,253710310,113.0,115.5,112.5,114.0,1.0,114.0,321,114.5,4,17.62
2380,1314024,348,9468840,7.24,7.33,7.12,7.12,0.13,7.12,45,7.19,5,0.0
2382,2944270,1554,174727315,59.0,59.6,59.0,59.3,0.4,59.3,61,59.4,215,15.4
2383,842791,651,86482264,103.0,103.5,102.0,103.0,0.5,102.5,35,103.0,83,10.91
2385,933392,548,68861322,73.7,74.1,73.5,73.8,0.2,73.7,1,73.8,6,12.18
2387,317820,164,5098820,16.1,16.15,16.0,16.0,0.05,16.0,14,16.05,2,8.16
2388,4152674,2058,92630628,23.3,23.3,21.8,22.05,0.65,22.05,22,22.1,2,137.81
2390,427000,178,4771300,11.3,11.35,11.05,11.1,0.2,11.05,53,11.1,1,0.0
2392,977812,567,41602515,42.5,42.85,42.35,42.7,0.2,42.5,5,42.7,8,13.43
2393,1301822,792,59626762,46.45,46.45,45.55,45.85,0.4,45.85,7,45.9,44,14.15
2395,680418,547,147543378,216.5,218.0,215.0,217.5,2.5,217.5,2,218.0,80,24.63
2397,90200,69,5726859,63.3,63.8,63.2,63.2,0.1,63.2,8,63.3,11,15.6
2399,21672729,9616,510475218,23.5,24.8,22.95,22.95,2.5,22.95,38,23.0,46,36.43
2401,3261094,1271,53525286,16.6,16.7,16.2,16.3,0.25,16.3,163,16.35,24,20.12
2402,2704418,1336,47207291,17.35,17.65,17.2,17.55,0.45,17.5,8,17.55,122,0.0
2404,513109,404,29399132,57.1,57.5,57.0,57.5,0.6,57.4,8,57.5,17,9.9
2405,6361854,2242,121568826,19.3,19.4,18.9,19.0,0.05,19.0,6,19.05,12,0.0
2406,1133941,539,17405038,15.45,15.6,15.25,15.4,0.1,15.35,3,15.4,97,0.0
2408,17857592,6848,1487519512,83.0,83.8,82.7,83.3,1.3,83.2,1077,83.3,74,6.13
2409,134819852,16228,1830581727,13.55,13.7,13.5,13.5,0.15,13.5,2681,13.55,821,4.02
2412,5798031,2826,633194864,109.5,109.5,108.5,109.5,0.0,109.0,107,109.5,2668,22.39
2413,266254,117,5622084,21.15,21.3,21.0,21.0,0.15,21.0,47,21.05,2,0.0
2414,89876,55,1808738,20.3,20.3,20.05,20.1,0.05,20.05,15,20.15,17,12.64
2415,42635,31,982873,23.15,23.35,22.9,23.05,0.05,23.05,5,23.2,1,12.66
2417,781232,317,10697588,13.8,13.85,13.55,13.55,0.15,13.55,34,13.6,8,0.0
2419,1290631,461,26786690,20.65,20.9,20.6,20.75,0.15,20.75,17,20.85,80,10.98
2420,748249,343,25417289,34.25,34.3,33.75,34.3,0.3,34.25,19,34.35,8,9.8
2421,1748354,1225,89544581,51.0,51.8,50.7,50.8,0.4,50.8,6,50.9,6,17.64
2423,57750,43,1336110,23.25,23.3,23.05,23.15,0.0,23.05,4,23.15,10,10.92
2424,5000,3,131400,26.2,26.3,26.2,26.3,0.1,26.3,2,26.8,1,0.0
2425,3715185,1825,117402535,31.6,32.4,31.0,31.6,1.4,31.6,17,31.65,2,632.0
2426,5293354,1779,92776098,17.75,17.9,17.2,17.25,0.25,17.25,112,17.3,2,19.38
2427,4288313,1346,51848542,12.45,12.45,11.85,11.9,0.85,11.85,171,11.95,16,28.33
2428,515102,390,43601674,84.2,85.1,84.0,85.0,0.2,84.6,5,85.0,2,10.24
2429,2000,2,28350,14.05,14.3,14.05,14.3,0.25,14.25,1,14.6,6,0.0
2430,76428,45,1783693,23.3,23.5,23.25,23.4,0.1,23.35,17,23.45,3,13.45
2431,685347,262,10224714,14.95,15.2,14.8,14.85,0.05,14.85,42,14.95,4,29.7
2433,148380,117,6909660,46.7,46.85,46.3,46.55,0.15,46.5,1,46.55,3,12.58
2434,833140,308,13383349,16.2,16.85,15.6,16.0,0.5,16.0,9,16.2,3,0.0
2436,821814,313,22456869,27.35,27.5,27.2,27.3,0.1,27.3,24,27.4,12,31.02
2438,223604,123,1996018,9.27,9.27,8.7,8.7,0.51,8.69,1,8.8,3,0.0
2439,5603007,3956,918718143,163.0,166.5,161.5,163.5,3.0,163.5,4,164.0,42,8.95
2440,419769,224,5813800,13.85,13.85,13.85,13.85,1.5,,0,13.85,3407,22.7
2441,586450,386,33601186,56.9,57.5,56.9,57.3,0.4,57.2,1,57.4,44,13.26
2442,1053499,286,8802939,8.52,8.56,8.2,8.35,0.07,8.35,22,8.37,12,0.0
2443,251751,94,1423990,5.7,5.74,5.62,5.67,0.03,5.66,1,5.67,6,0.0
2444,3144436,969,110646769,36.1,36.1,34.85,34.9,1.2,34.9,102,34.95,5,290.83
2448,13215661,6077,661629700,50.1,50.7,49.6,50.0,0.1,50.0,106,50.1,105,48.54
2449,5394267,2487,172193591,31.95,32.1,31.7,32.0,0.4,31.95,13,32.0,158,15.69
2450,105300,69,5497690,52.2,52.4,52.1,52.2,0.1,52.1,2,52.2,4,15.91
2451,2190881,1520,188225522,84.9,86.9,84.7,86.0,2.2,86.0,10,86.1,91,13.94
2453,2104104,788,31527844,14.95,15.2,14.7,14.75,0.0,14.7,83,14.8,23,16.95
2454,8455746,4353,2622196817,309.5,312.5,307.5,310.5,1.0,310.5,28,311.0,145,25.43
2455,9301022,5459,1120950618,123.0,123.0,119.0,119.5,2.5,119.5,138,120.0,39,62.89
2456,3002885,2138,287697298,94.6,96.7,94.2,96.5,2.7,96.4,1,96.5,42,19.42
2457,1567301,625,20506011,13.4,13.4,12.9,12.9,0.2,12.9,201,12.95,17,17.2
2458,3633384,1950,164092180,45.05,45.55,44.85,45.0,0.25,45.0,7,45.05,6,18.83
2459,73046,60,3127914,42.85,42.95,42.75,42.8,0.15,42.75,10,42.85,10,10.39
2460,1971000,718,34538400,17.9,17.9,17.25,17.35,0.85,17.35,35,17.4,6,0.0
2461,362000,165,5683100,15.75,15.8,15.6,15.65,0.0,15.65,9,15.7,1,9.84
2462,250871,103,7843350,31.5,31.5,30.85,31.45,0.1,31.35,10,31.45,6,36.57
2464,3263454,2182,157062296,47.45,49.0,46.9,49.0,2.2,49.0,42,49.05,21,24.26
2465,1206902,463,34577739,28.65,28.65,28.65,28.65,3.15,,0,28.65,2386,0.0
2466,99000,68,3905150,39.4,39.7,39.2,39.7,0.3,39.45,2,39.8,3,360.91
2467,707448,445,19026138,26.9,27.1,26.65,26.85,0.2,26.85,4,26.9,9,11.33
2468,77000,28,914750,11.85,12.0,11.8,11.85,0.1,11.8,20,11.9,2,20.08
2471,26008,23,393578,15.25,15.25,15.05,15.05,0.0,15.05,19,15.1,22,14.47
2472,1494107,1043,85758007,58.9,58.9,56.1,56.7,2.4,56.7,22,56.8,6,15.79
2474,6795581,3774,2473326822,361.0,366.0,361.0,362.5,2.5,362.0,22,362.5,31,12.09
2475,2813448,218,6732632,2.4,2.42,2.38,2.38,0.0,2.38,164,2.39,326,4.1
2476,98700,62,2611729,26.45,26.55,26.35,26.5,0.05,26.5,2,26.55,6,11.0
2477,563341,360,17623934,31.45,31.65,31.0,31.1,0.7,31.1,11,31.15,1,15.55
2478,1080408,648,36329832,33.5,34.0,33.35,33.7,0.2,33.5,13,33.75,11,32.4
2480,157154,183,5774162,36.5,37.0,36.5,36.9,0.45,36.8,6,36.9,31,12.86
2481,29369224,14451,1192131253,42.0,42.4,39.0,39.4,1.25,39.4,83,39.45,4,19.41
2482,1124000,524,14909300,13.45,13.8,12.8,12.85,0.6,12.85,1,12.95,3,0.0
2483,209457,117,4850911,23.1,23.25,23.05,23.1,0.1,23.05,14,23.1,1,15.82
2484,1234579,472,25453924,20.6,20.85,20.45,20.85,0.3,20.7,10,20.85,25,14.58
2485,438770,342,11548868,26.35,26.45,26.2,26.4,0.3,26.3,37,26.4,19,52.8
2486,553544,221,6024894,11.05,11.05,10.75,10.8,0.05,10.8,49,10.85,10,0.0
2488,141999,174,3859310,27.3,27.35,27.0,27.15,0.15,27.1,9,27.15,3,11.46
2489,1179765,574,19513051,16.6,16.6,16.5,16.55,0.05,16.5,234,16.55,11,0.0
2491,195187,85,1340924,7.0,7.0,6.66,6.78,0.22,6.78,10,6.87,1,11.69
2492,3319116,2430,310039188,94.2,94.4,92.7,93.0,1.0,92.9,48,93.0,20,19.75
2493,102003,72,2715284,26.55,26.8,26.5,26.8,0.35,26.8,2,26.85,1,11.5
2495,161010,98,2177482,13.45,13.65,13.4,13.45,0.05,13.45,14,13.5,2,18.94
2496,25646,28,4034389,158.0,158.0,157.0,157.5,0.5,157.0,1,158.0,2,16.77
2497,128036,75,3580600,27.8,28.25,27.8,27.8,0.2,27.8,13,27.9,5,0.0
2498,3006523,1511,184451049,61.9,61.9,61.0,61.1,0.0,61.1,104,61.2,8,0.0
2499,883142,326,9844021,11.2,11.25,11.05,11.1,0.1,11.05,19,11.1,63,0.0
2501,557651,415,8739680,15.75,15.75,15.6,15.75,0.05,15.7,17,15.75,1,8.95
2504,687604,293,6378448,9.25,9.3,9.25,9.3,0.06,9.27,10,9.3,21,0.0
2505,283607,120,4400980,15.5,15.65,15.45,15.65,0.15,15.55,5,15.65,36,26.98
2506,75758,31,852685,11.25,11.3,11.25,11.25,0.0,11.25,34,11.3,6,0.0
2509,2107044,903,50794532,23.0,25.4,22.8,25.0,1.8,24.9,21,25.0,43,0.0
2511,1212255,547,14481487,11.8,12.0,11.8,12.0,0.2,11.95,52,12.0,140,10.71
2514,944271,207,13464332,14.3,14.45,14.15,14.3,0.0,14.3,7,14.35,108,6.22
2515,1998418,547,14749316,7.42,7.44,7.36,7.37,0.02,7.37,19,7.38,42,36.85
2516,508366,55,3400841,6.75,6.76,6.68,6.68,0.05,6.68,2,6.73,2,0.0
2520,2321192,926,48359207,20.45,21.1,20.4,21.1,0.65,21.05,2,21.1,66,25.73
2524,53980,52,1228494,22.9,22.9,22.65,22.85,0.0,22.75,1,22.9,14,11.2
2527,131000,76,3151650,24.1,24.25,23.95,24.25,0.15,24.2,1,24.25,3,0.0
2528,39199,21,718252,18.1,18.6,18.1,18.4,0.25,18.35,1,18.5,1,368.0
2530,142779,68,2157335,15.15,15.15,15.05,15.15,0.05,15.05,8,15.15,23,0.0
2534,3152136,1067,91173244,29.0,29.25,28.8,28.9,0.05,28.85,54,28.9,407,7.28
2535,410522,230,7511628,18.05,18.45,18.05,18.3,0.3,18.3,17,18.35,5,6.85
2536,236051,133,5022338,21.35,21.35,21.25,21.35,0.0,21.25,24,21.35,15,0.0
2537,904567,176,7026175,7.74,7.87,7.7,7.79,0.08,7.78,8,7.79,29,0.0
2538,569183,149,5837921,10.25,10.3,10.2,10.3,0.05,10.25,3,10.3,52,1030.0
2539,28599,27,812440,28.4,28.5,28.35,28.4,0.05,28.4,10,28.45,2,7.47
2540,4048,4,97120,24.0,24.0,24.0,24.0,0.0,23.8,1,24.0,14,52.17
2542,862200,584,38193450,44.3,44.4,44.15,44.4,0.25,44.35,15,44.4,161,18.05
2543,15356,12,126737,8.34,8.71,8.2,8.23,0.15,8.23,1,8.35,1,91.44
2545,277600,133,8046018,28.95,29.15,28.9,29.0,0.05,29.0,1,29.05,1,0.0
2546,61065,36,1380476,22.65,22.65,22.55,22.6,0.05,22.6,9,22.65,6,9.0
2547,427963,192,4963309,11.65,11.75,11.5,11.65,0.0,11.6,11,11.65,17,0.0
2548,299200,237,21399396,71.2,71.8,71.2,71.6,0.6,71.5,5,71.6,60,5.79
2597,80000,39,3040800,37.95,38.2,37.85,38.0,0.2,38.0,3,38.2,3,9.84
2601,822981,271,7042680,8.61,8.65,8.51,8.51,0.07,8.51,12,8.53,1,53.19
2603,18662033,4111,288434240,15.2,15.6,15.2,15.45,0.35,15.45,255,15.5,430,9.42
2605,594126,372,10984185,18.45,18.6,18.35,18.6,0.25,18.55,2,18.6,28,22.41
2606,2599250,1864,94168085,36.9,36.9,35.9,36.2,0.2,36.15,1,36.2,11,36.2
2607,141400,73,1890810,13.35,13.4,13.3,13.4,0.1,13.35,1,13.4,22,18.36
2608,52319,41,1996035,38.15,38.2,38.05,38.2,0.15,38.1,4,38.2,7,15.34
2609,5063913,1257,55353447,10.75,11.05,10.75,10.9,0.25,10.9,746,10.95,46,0.0
2610,9389377,1964,104968409,11.1,11.3,11.1,11.1,0.05,11.1,690,11.15,2,0.0
2611,644138,206,4597516,7.25,7.26,7.05,7.06,0.22,7.06,2,7.09,77,0.0
2612,500005,258,15278146,30.35,30.85,30.05,30.7,0.8,30.65,3,30.7,17,0.0
2613,90420,28,1158224,12.85,12.85,12.75,12.85,0.05,12.8,1,12.85,15,24.71
2614,9563669,2596,133734521,14.3,14.3,13.7,13.9,0.35,13.9,343,13.95,56,0.0
2615,1773584,850,32190290,18.05,18.3,18.05,18.15,0.1,18.1,106,18.15,4,14.64
2616,130590,131,4301910,32.8,33.1,32.65,33.1,0.3,33.0,8,33.1,7,7.29
2617,243365,92,3779871,15.55,15.65,15.5,15.5,0.0,15.45,26,15.5,3,48.44
2618,2907961,1079,43374943,14.85,15.0,14.85,14.85,0.05,14.85,748,14.9,64,14.85
2630,170000,87,5451350,32.5,32.5,32.0,32.0,0.5,32.0,8,32.1,2,16.08
2633,1778359,648,39991372,22.45,22.55,22.45,22.45,0.0,22.45,9,22.5,463,23.63
2634,866363,585,29379342,33.85,34.0,33.75,34.0,0.1,33.9,8,34.0,2,18.48
2636,154257,110,3491878,22.6,22.8,22.5,22.6,0.15,22.6,17,22.7,18,12.63
2637,586470,296,16408071,27.85,28.1,27.8,28.1,0.3,28.05,2,28.1,16,41.32
2642,46000,31,1278700,27.85,28.05,27.7,27.9,0.1,27.85,2,27.9,1,21.46
2701,24436,16,325254,13.3,13.35,13.25,13.25,0.05,13.25,25,13.4,12,16.36
2702,0,0,0,,,,,0.0,14.85,3,14.9,1,51.21
2704,71645,123,1642522,22.8,23.05,22.8,23.0,0.05,23.0,2,23.05,4,18.55
2705,63149,55,482413,7.65,7.65,7.6,7.65,0.01,7.64,1,7.65,3,0.0
2706,39012,35,603333,15.5,15.5,15.45,15.45,0.0,15.45,3,15.5,19,15.77
2707,190050,121,28449022,150.0,150.5,149.0,150.5,0.5,150.0,21,150.5,16,18.22
2712,4000,4,102800,25.65,25.8,25.65,25.8,0.15,25.6,2,25.85,1,161.25
2722,9386,11,320457,34.3,34.4,34.0,34.0,0.0,34.0,2,34.4,2,38.64
2723,595376,361,237011900,406.0,412.0,390.0,396.0,3.0,396.0,1,397.0,2,30.18
2727,170316,165,22191236,129.0,130.5,129.0,130.5,1.5,130.0,4,130.5,1,21.71
2731,257500,235,33824000,131.0,132.5,130.0,131.5,2.0,131.0,2,131.5,12,22.91
2739,50196,35,1951953,39.0,39.05,38.7,38.95,0.35,38.95,10,39.05,4,28.85
2748,108140,84,6149790,56.8,58.6,56.5,58.0,1.7,57.1,5,58.0,6,19.14
2801,3552867,1069,59407532,16.7,16.8,16.65,16.7,0.05,16.7,205,16.75,205,13.05
2809,1582794,1120,59897785,37.65,38.1,37.65,37.85,0.3,37.8,2,37.85,240,7.72
2812,2721752,600,27606417,10.15,10.2,10.1,10.15,0.05,10.1,2490,10.15,418,9.23
2816,186852,96,3572593,19.35,19.35,19.0,19.1,0.2,19.05,11,19.1,5,7.21
2820,426299,241,6425209,15.1,15.1,15.0,15.1,0.0,15.05,115,15.1,71,14.95
2823,3425361,1973,101994592,29.8,29.9,29.7,29.75,0.15,29.7,245,29.75,31,12.4
2832,51064,44,1048613,20.5,20.55,20.5,20.55,0.05,20.5,10,20.55,1,9.05
2834,4454519,935,38376885,8.61,8.64,8.59,8.61,0.0,8.6,150,8.61,37,8.97
2836,297955,124,2812143,9.38,9.46,9.38,9.46,0.1,9.45,2,9.46,17,13.91
2838,350837,116,3224328,9.18,9.2,9.18,9.2,0.02,9.2,5,9.21,383,9.11
2838A,328485,174,16597692,50.5,50.6,50.5,50.6,0.2,50.5,192,50.6,90,0.0
2841,1272239,342,12337499,9.73,9.73,9.67,9.7,0.0,9.69,1,9.7,108,23.66
2845,1081233,425,10296306,9.54,9.55,9.5,9.54,0.01,9.53,5,9.54,66,9.35
2849,125300,35,1653359,13.15,13.25,13.15,13.2,0.1,13.15,34,13.2,5,11.19
2850,139295,81,4175217,30.0,30.0,29.9,30.0,0.1,29.95,28,30.0,55,8.38
2851,123000,48,2203850,17.95,18.0,17.9,18.0,0.05,17.9,7,18.0,69,7.23
2852,116000,38,1644100,14.2,14.25,14.15,14.25,0.05,14.15,10,14.25,58,7.87
2855,1398254,346,19992276,14.4,14.4,14.25,14.35,0.05,14.3,131,14.35,8,12.81
2856,1889000,399,17093086,9.08,9.08,9.02,9.07,0.02,9.06,20,9.07,4,15.12
2867,625746,303,9802917,15.65,15.7,15.6,15.65,0.05,15.65,9,15.7,76,9.72
2880,8148583,2481,140382794,17.2,17.25,17.2,17.25,0.1,17.2,608,17.25,1009,14.26
2881,4757793,2107,240451505,50.6,50.7,50.4,50.5,0.1,50.5,300,50.6,1121,10.46
2881A,134363,69,8746721,65.0,65.2,65.0,65.2,0.1,65.2,27,65.3,29,0.0
2882,13849900,5921,723322143,52.5,52.7,52.0,52.0,0.4,52.0,2919,52.2,25,12.26
2882A,110934,39,7058127,63.7,63.7,63.6,63.7,0.0,63.6,6,63.7,67,0.0
2883,28909962,3657,302184366,10.4,10.5,10.4,10.45,0.05,10.4,5453,10.45,610,14.51
2884,7981089,2806,154640860,19.4,19.45,19.35,19.4,0.05,19.4,42,19.45,998,14.16
2885,16478778,3619,216318940,13.1,13.15,13.1,13.15,0.05,13.1,3916,13.15,583,9.96
2886,7301594,2795,182127924,25.0,25.0,24.85,24.95,0.0,24.95,126,25.0,294,12.6
2887,7788865,2497,108573544,14.0,14.0,13.9,13.9,0.05,13.9,2022,13.95,840,11.49
2887E,76610,35,4152496,54.2,54.3,54.1,54.2,0.0,54.1,47,54.2,1,0.0
2888,26123608,3660,311029091,12.0,12.0,11.85,11.9,0.0,11.9,139,11.95,3789,11.55
2889,1464579,604,14467438,9.85,9.91,9.85,9.91,0.06,9.9,2,9.91,16,13.76
2890,22293876,2330,224544501,10.05,10.15,10.0,10.05,0.0,10.0,4968,10.05,589,13.58
2891,28565431,5739,620396597,21.6,21.8,21.6,21.65,0.05,21.65,877,21.7,57,11.83
2891B,167280,103,10182015,60.8,60.9,60.8,60.8,0.0,60.8,150,60.9,43,0.0
2892,9622132,2923,192258790,19.95,20.0,19.95,20.0,0.1,19.95,611,20.0,1532,12.99
2897,576225,251,5071687,8.8,8.82,8.79,8.81,0.02,8.8,162,8.81,12,16.94
2901,40000,19,1020950,25.7,25.75,25.3,25.5,0.25,25.25,4,25.5,1,60.71
2903,1381719,539,21740945,15.75,15.8,15.65,15.75,0.05,15.7,34,15.75,14,17.5
2904,19002,13,345788,18.15,18.2,18.15,18.2,0.05,18.2,2,18.25,2,13.89
2905,550660,320,13753726,24.65,25.25,24.65,25.05,0.4,25.05,1,25.1,7,8.79
2906,44342,16,480976,10.9,10.9,10.8,10.8,0.1,10.8,38,10.85,10,20.0
2908,418727,182,9537301,22.6,22.95,22.5,22.9,0.4,22.75,43,22.9,17,16.59
2910,1000,1,26900,26.9,26.9,26.9,26.9,0.25,26.6,1,27.55,1,81.52
2911,138872,92,1573847,11.4,11.4,11.3,11.4,0.1,11.35,1,11.4,45,0.0
2912,558657,531,161929844,288.0,291.0,288.0,291.0,4.0,290.0,5,291.0,44,9.75
2913,533628,267,7835187,14.65,14.75,14.6,14.75,0.15,14.7,5,14.75,31,19.93
2915,4622035,2059,251317583,54.9,55.0,54.1,54.2,0.5,54.2,176,54.3,26,7.08
2923,2011,3,37016,18.45,18.45,18.35,18.35,0.4,18.05,1,18.35,8,33.36
2929,294675,225,31254550,106.0,107.0,105.5,106.0,0.5,106.0,38,106.5,27,8.9
2936,52195,50,1615296,30.65,31.2,30.65,30.75,0.4,30.7,4,31.0,1,9.89
2939,32000,31,5420000,170.0,171.0,168.5,168.5,0.5,168.5,1,170.0,1,12.75
3002,207102,89,2638345,12.85,12.85,12.7,12.7,0.35,12.7,1,12.8,10,16.28
3003,296145,223,16456547,55.4,55.9,55.4,55.6,0.2,55.5,3,55.6,3,16.7
3004,476123,115,24588846,52.2,52.2,51.2,51.5,0.8,51.5,1,51.7,9,13.96
3005,420588,304,17863923,42.7,42.7,42.3,42.5,0.2,42.45,3,42.5,21,10.22
3006,9312597,4831,433100369,46.3,47.15,45.5,46.9,1.0,46.85,22,46.9,53,14.94
3008,633785,824,2412122250,3790.0,3860.0,3750.0,3860.0,145.0,3840.0,1,3860.0,4,19.93
3010,553440,281,31708139,57.0,57.8,56.9,57.8,0.2,57.6,1,57.8,2,10.93
3011,2598941,942,21290738,8.43,8.53,8.0,8.04,0.32,8.03,47,8.04,6,0.0
3013,816750,363,16209162,19.55,20.0,19.45,19.95,0.45,19.8,8,19.95,16,12.39
3014,1168486,767,42882130,37.35,37.4,36.45,36.6,0.75,36.55,39,36.6,2,15.19
3015,579249,361,14789498,26.0,26.15,25.3,25.5,0.45,25.45,1,25.5,5,13.08
3016,15228868,7572,521871162,34.7,35.2,33.2,34.0,0.45,34.0,13,34.05,2,70.83
3017,2875945,1508,86476957,30.0,30.35,29.8,29.8,0.1,29.8,52,30.0,8,11.33
3018,816431,459,66560407,79.4,82.2,79.4,81.9,2.5,81.8,31,81.9,9,210.0
3019,18374300,10120,1986661642,108.5,112.0,104.5,104.5,0.5,104.5,24,105.0,84,50.98
3021,43622,23,613570,14.0,14.2,14.0,14.2,0.2,14.05,11,14.2,1,12.24
3022,265992,206,10342438,38.85,39.0,38.8,39.0,0.2,38.9,1,39.05,2,10.24
3023,857677,643,67239537,77.8,79.4,77.3,79.0,1.2,78.9,8,79.0,5,14.6
3024,1779477,465,12197815,6.5,7.0,6.5,6.9,0.4,6.9,7,6.92,10,2.35
3025,28003,26,500304,18.1,18.15,17.8,17.9,0.0,17.9,10,17.95,1,596.67
3026,7236584,4871,805138908,111.0,113.0,107.5,112.5,3.0,112.0,8,112.5,16,20.23
3027,302827,89,3225120,10.7,10.75,10.55,10.55,0.2,10.55,8,10.7,46,0.0
3028,601408,342,13308781,22.4,22.4,22.0,22.15,0.2,22.1,4,22.15,13,12.37
3029,5699531,2751,127384610,23.0,23.1,21.85,22.0,0.35,21.95,15,22.0,10,13.75
3030,2832078,1730,151103496,54.5,54.5,52.4,52.4,1.9,52.4,1,52.5,1,20.79
3031,504815,311,8167440,16.25,16.35,16.0,16.1,0.15,16.1,26,16.15,4,15.78
3032,34002,27,1131966,33.2,33.4,33.2,33.2,0.2,33.2,1,33.3,1,10.25
3033,3307780,1417,72621060,22.1,22.35,21.55,21.75,0.45,21.75,61,21.8,1,13.1
3034,1319511,928,172258930,130.0,131.5,129.5,131.0,1.0,130.5,95,131.0,110,16.05
3035,8645100,5666,624611300,74.0,74.0,70.9,71.0,3.6,71.0,76,71.2,6,21.13
3036,976462,627,45242476,46.15,46.5,46.05,46.3,0.2,46.3,8,46.35,1,10.92
3037,17604972,5056,346043085,19.8,20.0,19.4,19.55,0.25,19.55,153,19.6,121,88.86
3038,356008,117,3536033,9.96,9.97,9.9,9.95,0.02,9.95,11,9.98,25,18.77
3040,8720668,4845,518982789,60.2,60.2,57.2,60.2,5.4,60.2,382,,0,5.4
3041,3336499,1564,58177163,17.5,17.7,17.0,17.0,0.0,17.0,238,17.15,3,0.0
3042,1489646,899,57080254,38.65,38.75,38.05,38.75,0.05,38.65,24,38.75,1,11.71
3043,196432,35,513924,2.66,2.66,2.53,2.57,0.08,2.56,10,2.65,4,0.0
3044,1050060,795,105172200,100.0,101.5,99.5,100.0,0.2,99.7,8,100.5,62,12.03
3045,3205269,1495,342202283,107.0,107.0,106.5,106.5,0.5,106.5,2967,107.0,2699,20.44
3046,46323,62,1132002,25.0,25.0,23.85,24.5,0.5,23.85,2,24.5,1,0.0
3047,1459019,438,13618383,9.18,9.41,9.15,9.22,0.06,9.22,2,9.24,5,0.0
3048,984200,459,19377851,19.55,19.95,19.5,19.6,0.1,19.6,15,19.65,17,15.19
3049,868256,339,7086647,8.25,8.26,8.12,8.12,0.09,8.12,46,8.14,9,22.56
3050,434760,144,5132622,11.8,11.85,11.7,11.75,0.05,11.75,34,11.8,8,11.87
3051,634687,193,3146529,4.97,4.99,4.93,4.97,0.0,4.94,6,4.97,29,99.4
3052,238955,67,1943015,8.05,8.21,8.05,8.09,0.04,8.09,5,8.14,5,36.77
3054,43000,25,894650,21.0,21.0,20.65,20.85,0.05,20.75,1,20.85,17,38.61
3055,691916,454,19947003,28.85,29.4,28.3,28.5,0.0,28.45,2,28.55,17,39.04
3056,1533100,477,32703178,21.45,21.5,21.25,21.25,0.15,21.25,179,21.3,16,6.42
3057,1216967,432,12900250,10.3,10.9,10.3,10.4,0.2,10.4,9,10.5,13,0.0
3058,56226,30,502148,8.92,8.94,8.92,8.93,0.1,8.92,8,8.93,1,0.0
3059,9155055,4336,274964422,30.5,30.55,29.65,29.8,0.7,29.8,57,29.85,2,87.65
3060,133438,157,3252722,24.35,24.5,24.25,24.45,0.15,24.45,1,24.5,9,24.95
3062,6269247,2856,124018521,19.3,20.1,19.25,19.8,0.6,19.75,27,19.8,24,33.0
3090,13244549,6934,619514342,46.55,47.85,45.6,47.85,1.95,47.8,22,47.85,88,15.54
3094,594309,395,14034667,23.95,24.0,23.35,23.75,0.1,23.55,1,23.75,5,38.31
3130,4055,6,705680,174.0,174.0,174.0,174.0,0.0,173.5,1,175.0,1,19.48
3149,230737,142,4062405,17.7,17.75,17.45,17.7,0.1,17.7,1,17.75,24,0.0
3164,282000,173,6979000,25.35,25.35,24.55,24.55,0.45,24.55,20,24.7,1,0.0
3167,862520,592,46147572,54.1,54.7,52.9,53.1,0.7,53.1,21,53.2,2,12.26
3189,13233193,5936,717789315,52.0,55.0,52.0,55.0,5.0,55.0,4405,,0,50.0
3209,155855,85,3160103,20.3,20.35,20.25,20.25,0.05,20.25,11,20.3,21,14.06
3229,123750,78,2376450,19.15,19.6,19.1,19.1,0.35,19.1,7,19.25,11,0.0
3231,43259110,13090,1098909707,25.1,25.7,24.95,25.4,0.75,25.35,56,25.4,653,18.14
3257,327965,208,19416443,59.9,60.0,58.6,58.8,0.4,58.8,2,59.0,6,48.6
3266,14000,12,156150,11.1,11.3,11.1,11.2,0.0,11.1,2,11.2,1,58.95
3296,110000,64,1705950,15.65,15.7,15.25,15.7,0.05,15.3,2,15.7,5,19.38
3305,36109,27,935634,25.8,26.25,25.75,26.1,0.1,26.0,1,26.1,3,29.33
3308,172100,59,1610340,9.31,9.46,9.3,9.34,0.03,9.34,17,9.39,4,0.0
3311,190585,129,3137281,16.4,16.6,16.35,16.5,0.15,16.5,1,16.55,7,0.0
3321,117039,58,1875314,16.05,16.2,15.85,15.9,0.1,15.9,8,16.0,1,0.0
3338,27001,26,692875,25.7,25.9,25.6,25.6,0.2,25.6,3,25.7,1,14.55
3346,283000,220,19491000,70.0,70.0,68.2,68.5,1.2,68.5,5,68.9,1,18.72
3356,168422,162,5485313,32.85,32.9,32.45,32.5,0.05,32.5,10,32.65,4,0.0
3376,1889568,1252,163535148,85.6,87.8,85.3,85.6,0.1,85.5,26,85.6,3,14.06
3380,4599449,2095,115948944,25.2,25.5,25.0,25.1,0.1,25.1,44,25.15,56,18.19
3383,158500,35,612854,3.89,3.9,3.78,3.85,0.02,3.81,6,3.85,63,0.0
3406,4532635,3319,1056046185,230.0,238.0,229.0,230.0,3.5,230.0,74,230.5,1,29.19
3413,2644547,2174,642785656,239.0,248.0,237.5,248.0,11.5,248.0,12,248.5,12,18.2
3416,28000,13,1396650,49.85,50.0,49.75,49.75,0.05,49.65,2,49.75,1,22.51
3419,471614,233,9301264,19.75,19.85,19.65,19.65,0.1,19.65,8,19.7,7,22.33
3432,54000,22,647550,11.85,12.2,11.85,12.0,0.15,11.95,19,12.05,2,0.0
3437,288877,216,9305118,32.6,32.6,31.7,32.0,0.15,31.9,1,32.0,3,41.03
3443,4476160,3603,1523759613,336.0,348.0,334.0,348.0,12.5,346.0,2,348.0,57,54.55
3450,371387,285,45107327,121.5,122.5,121.0,121.0,0.0,121.0,8,121.5,4,19.12
3454,43181,53,3693468,86.1,86.2,85.1,85.4,0.6,85.4,4,85.9,1,16.36
3481,87841823,10609,1149422999,13.05,13.2,13.0,13.0,0.15,13.0,486,13.05,642,2.97
3494,455003,183,4851480,10.8,10.9,10.5,10.6,0.15,10.6,10,10.65,28,0.0
3501,192624,138,10403955,54.0,54.3,53.8,54.1,0.2,54.1,1,54.2,5,9.93
3504,2666301,1779,164885800,60.4,63.4,60.4,60.8,1.2,60.8,17,61.0,1,0.0
3514,687071,365,11135933,16.3,16.35,16.15,16.15,0.1,16.15,12,16.2,20,0.0
3515,7466984,5200,701792032,95.5,96.4,91.6,92.0,5.5,91.9,3,92.0,40,23.71
3518,347112,235,10452310,30.5,30.9,29.8,29.85,0.85,29.85,5,29.95,1,0.0
3519,799665,359,12115987,15.2,15.25,15.1,15.1,0.0,15.1,57,15.15,94,0.0
3528,122274,71,4348651,35.75,35.75,35.4,35.5,0.0,35.5,10,35.6,12,14.14
3532,6317599,3749,877232563,138.0,141.0,137.0,138.0,2.0,138.0,135,138.5,38,61.06
3533,1046555,920,211209555,202.5,203.5,200.5,201.0,3.5,201.0,25,201.5,1,17.22
3535,966173,602,14027841,14.55,14.55,14.5,14.5,0.05,14.5,107,14.55,442,0.0
3536,864111,448,14607563,16.45,17.2,16.45,16.95,0.6,16.95,35,17.05,14,27.34
3545,8221263,3509,256081761,30.35,31.7,30.2,31.0,0.65,30.95,17,31.0,255,28.7
3550,662155,353,13648969,20.5,20.75,20.5,20.5,0.1,20.5,1,20.6,3,13.67
3557,225528,110,3865056,17.25,17.4,17.05,17.05,0.2,17.05,2,17.15,5,0.0
3561,426288,210,5839928,13.75,13.8,13.6,13.65,0.1,13.65,6,13.7,6,0.0
3576,1073414,453,14301649,13.4,13.45,13.25,13.35,0.05,13.3,129,13.35,5,0.0
3579,137598,65,1955011,14.35,14.35,14.15,14.15,0.1,14.15,13,14.2,1,0.0
3583,457156,345,33182872,73.6,73.9,71.8,71.9,1.6,71.8,22,71.9,4,23.27
3588,109142,81,2788040,26.0,26.0,25.15,25.45,0.35,25.3,4,25.5,6,24.95
3591,123365,82,1975195,16.1,16.1,15.95,15.95,0.05,15.95,25,16.0,1,0.0
3593,144010,54,1443313,9.94,10.15,9.94,10.0,0.06,9.97,3,10.1,3,0.0
3596,4156081,2515,222157511,53.0,54.2,52.6,53.4,1.2,53.4,23,53.5,23,14.16
3605,5264947,2917,145906435,28.5,28.5,27.0,27.6,1.6,27.5,21,27.6,17,18.78
3607,560449,307,17622870,31.45,31.45,31.0,31.45,2.85,31.45,653,,0,0.0
3617,33000,30,3155000,95.7,95.8,95.2,95.6,0.7,95.6,2,95.7,2,10.91
3622,334424,181,5818598,17.6,17.6,17.2,17.2,0.1,17.2,40,17.25,2,0.0
3645,1729224,1156,130336075,75.6,76.4,74.1,74.9,0.6,74.7,2,74.9,5,31.21
3653,383210,280,25922638,67.5,68.3,67.0,68.0,0.6,67.6,1,68.0,15,24.2
3661,5995214,4324,772352496,131.0,132.0,126.0,128.5,1.5,128.5,7,129.0,17,28.24
3665,1978186,1582,558952219,280.0,285.0,277.5,285.0,7.5,284.5,1,285.0,45,30.45
3669,159000,72,3324600,20.85,21.1,20.5,20.95,0.25,20.7,1,21.0,6,23.28
3673,5446749,3339,390085277,72.3,72.9,70.5,70.9,1.2,70.9,14,71.0,195,13.56
3679,548351,481,40120131,73.0,74.0,70.9,73.5,3.1,73.4,4,73.7,1,13.36
3682,3103165,694,29001950,9.43,9.43,9.3,9.31,0.06,9.31,258,9.32,3,0.0
3686,474015,195,3092054,6.54,6.56,6.5,6.54,0.04,6.53,6,6.54,16,0.0
3694,885019,371,15212625,17.65,17.65,16.95,17.0,0.6,17.0,67,17.05,49,48.57
3698,1498648,868,31793537,21.45,21.6,21.0,21.05,0.3,21.05,24,21.1,1,0.0
3701,16411,24,117663,7.17,7.18,7.16,7.17,0.0,7.17,1,7.2,1,15.93
3702,3903066,1731,146720211,37.25,37.85,37.2,37.55,0.45,37.55,203,37.6,286,11.41
3703,781626,252,12217210,15.6,15.7,15.55,15.7,0.15,15.6,51,15.7,198,6.43
3704,966438,473,14700961,14.95,15.4,14.95,15.15,0.3,15.15,14,15.2,29,0.0
3705,101280,77,4061990,40.05,40.2,40.05,40.1,0.0,40.05,25,40.1,1,21.11
3706,1197663,724,38523372,32.3,32.4,32.05,32.2,0.1,32.1,3,32.2,16,8.43
3708,283290,225,21887550,77.6,77.8,76.6,77.8,0.0,77.8,7,77.9,3,33.83
4104,131800,110,5959030,45.25,45.35,45.05,45.35,0.2,45.35,6,45.4,12,14.58
4106,96358,71,2660744,27.7,27.85,27.5,27.5,0.1,27.5,10,27.6,2,20.07
4108,658250,425,15262370,23.5,23.6,22.9,23.1,0.1,23.05,1,23.1,21,0.0
4119,918061,653,57497083,61.7,64.0,61.5,62.2,2.0,62.2,6,62.4,2,29.76
4133,94060,70,3455800,37.0,37.0,36.5,36.8,0.2,36.7,6,36.85,1,35.38
4137,1574338,1240,241304552,153.0,155.0,151.0,154.0,3.5,154.0,5,154.5,25,23.05
4141,116740,61,2944673,25.2,25.45,25.1,25.3,0.1,25.25,3,25.35,5,0.0
4142,292002,137,5733590,19.75,19.8,19.55,19.55,0.15,19.55,22,19.65,11,0.0
4144,103150,71,3526870,34.3,34.3,34.1,34.3,0.05,34.05,11,34.3,4,10.18
4148,928332,689,114858832,126.0,127.0,122.0,123.0,4.0,123.0,10,123.5,3,25.47
4155,100002,82,2891208,28.75,29.15,28.75,29.05,0.3,29.0,2,29.05,4,23.43
4164,77150,61,2627545,34.5,34.75,33.75,34.0,0.3,34.0,2,34.05,1,19.88
4190,120001,99,7429765,62.9,62.9,61.4,61.4,1.0,61.4,1,61.5,2,16.51
4306,318033,127,4466407,14.0,14.15,14.0,14.1,0.05,14.1,11,14.15,20,48.62
4414,1676464,595,29306354,17.7,17.75,17.3,17.5,0.1,17.5,2,17.55,41,0.0
4426,870533,511,47628615,54.8,55.3,54.0,55.0,0.4,54.9,97,55.0,7,23.91
4438,72000,57,9184000,128.5,128.5,126.5,128.5,0.0,127.5,6,128.5,9,23.49
4526,330175,115,6637804,20.2,20.25,20.0,20.05,0.1,20.05,27,20.15,3,0.0
4532,379701,270,11206129,29.7,29.75,29.35,29.5,0.05,29.5,1,29.55,31,14.6
4536,75300,71,6395188,85.8,85.8,84.5,85.3,0.1,85.3,6,85.5,1,12.19
4545,26000,18,893550,34.9,34.9,34.25,34.45,0.25,34.25,1,34.45,2,50.66
4551,112000,90,18295000,163.5,166.0,162.5,165.5,2.5,165.5,2,166.0,7,22.73
4552,312500,276,30243400,95.2,98.0,95.2,98.0,3.0,97.8,2,98.0,19,10.06
4555,131531,115,10315987,78.7,80.0,76.5,77.0,0.9,76.9,2,77.0,8,37.75
4557,51218,47,3798961,74.5,74.5,73.9,74.0,0.5,73.9,1,74.1,2,11.4
4560,1768452,1201,106943025,59.5,61.8,59.0,60.8,2.3,60.8,17,60.9,3,23.66
4562,33000,21,1358700,40.8,41.3,40.8,41.2,0.15,41.05,1,41.2,9,15.04
4566,188000,151,12455200,65.1,68.0,65.0,66.3,1.3,66.3,2,66.5,8,19.05
4720,77362,29,1123798,14.5,14.6,14.5,14.5,0.05,14.45,35,14.6,18,24.58
4722,395120,245,13350780,33.95,34.15,33.55,33.75,0.1,33.75,1,33.8,5,10.89
4725,1982044,975,50252265,25.7,25.75,25.2,25.3,0.05,25.3,22,25.35,402,0.0
4737,24000,19,1214200,50.1,51.5,50.1,50.5,0.1,50.3,2,50.9,1,16.67
4739,30359458,17502,4410865410,143.0,150.5,141.0,143.5,6.0,143.5,77,144.0,20,38.58
4746,428250,332,24431973,57.6,57.9,56.6,56.8,0.5,56.8,6,57.0,3,22.1
4755,192000,141,10764000,56.0,57.0,54.6,55.3,0.2,55.2,11,55.5,2,14.07
4763,55000,49,7042000,126.0,129.0,126.0,128.0,2.5,127.5,6,128.5,1,30.77
4764,218000,161,14447700,65.0,67.5,65.0,66.6,1.8,66.6,7,66.7,2,12.33
4807,131020,94,7206100,55.0,55.0,55.0,55.0,5.0,55.0,374,,0,16.52
4904,2982121,2221,220771472,74.7,75.2,73.8,73.8,1.6,73.7,118,73.8,7,22.3
4906,28431699,11084,851156168,30.0,30.6,29.2,29.2,0.45,29.2,149,29.25,2,16.98
4912,152300,135,24202300,161.0,162.5,156.0,157.0,3.0,157.0,23,159.0,3,27.69
4915,1769017,1298,123824291,70.1,70.6,69.6,69.6,0.4,69.6,67,69.7,3,15.33
4916,1099650,667,38300885,34.8,35.2,34.4,34.6,0.7,34.6,38,34.65,3,28.36
4919,2206500,1520,155173450,70.5,71.4,69.5,71.0,0.9,70.9,7,71.0,5,21.39
4927,344087,161,6489632,18.95,18.95,18.8,18.9,0.05,18.85,10,18.9,11,35.0
4930,33211,26,418437,12.7,12.7,12.5,12.55,0.15,12.55,10,12.7,1,0.0
4934,592233,266,6134278,10.4,10.45,10.3,10.35,0.0,10.3,205,10.35,67,0.0
4935,98000,74,3957000,40.7,40.7,40.3,40.35,0.35,40.3,8,40.4,1,15.06
4938,2834962,1849,212051430,74.5,75.0,74.4,75.0,0.8,74.9,6,75.0,272,11.65
4942,48089,25,1135191,23.6,23.7,23.5,23.5,0.2,23.5,3,23.65,7,17.15
4943,4268183,3705,1097382438,248.5,269.0,246.0,254.5,7.5,254.0,9,254.5,7,44.26
4952,329332,234,16538166,50.5,50.6,50.0,50.3,0.1,50.3,7,50.4,9,15.77
4956,1033550,428,22903745,22.2,22.35,22.0,22.0,0.05,22.0,42,22.1,4,35.48
4958,4646315,2776,290871307,62.2,63.4,61.8,62.7,0.1,62.7,43,62.8,31,13.78
4960,2425300,903,28647566,11.85,12.0,11.75,11.75,0.15,11.75,167,11.8,61,0.0
4968,310211,426,25367711,83.1,83.1,81.5,81.6,0.6,81.5,52,81.8,2,31.51
4976,2478503,1698,109647504,43.7,45.1,43.5,43.6,0.5,43.6,4,43.65,1,0.0
4977,166419,145,15521673,93.1,94.4,92.1,92.3,0.2,92.3,2,92.5,1,19.89
4984,57167,64,1906751,33.65,33.65,33.1,33.3,0.25,33.2,10,33.35,9,26.43
4994,17100,18,883430,52.7,52.7,51.1,51.1,0.6,51.1,2,51.6,1,0.0
4999,442007,105,22491571,50.8,50.9,50.4,50.6,0.0,50.6,2,50.7,7,9.69
5007,127200,73,7245600,57.2,57.3,56.8,56.9,0.1,56.8,27,56.9,1,15.05
5203,103098,103,6352332,62.3,62.3,61.4,61.6,0.7,61.5,6,61.6,4,22.08
5215,31000,25,780250,25.45,25.5,25.05,25.1,0.3,25.05,4,25.25,5,20.08
5225,17000,14,476350,28.0,28.25,27.9,28.25,0.0,28.2,2,28.25,1,13.85
5234,3430418,2679,329212277,91.6,100.0,91.6,95.9,4.8,95.5,3,95.9,5,18.95
5243,1019450,591,40840108,40.15,40.35,39.85,39.9,0.1,39.9,1,39.95,2,16.49
5258,13000,12,302150,23.15,23.35,23.15,23.35,0.15,23.25,1,23.35,2,32.89
5259,9000,6,93750,10.35,10.5,10.35,10.5,0.25,10.1,3,10.45,3,0.0
5264,2573934,1851,226978026,89.1,89.2,87.7,87.9,1.0,87.9,38,88.0,40,18.12
5269,135379,142,45540965,340.0,343.0,334.0,335.0,5.0,335.0,10,335.5,2,46.72
5284,22109,21,1387245,63.2,63.2,62.5,62.5,0.7,62.5,1,62.6,2,11.53
5285,1164172,855,109058081,92.6,95.1,92.1,93.0,1.2,93.0,2,93.2,6,27.43
5288,78000,41,6239500,80.0,80.5,79.3,80.0,0.4,80.0,4,80.5,4,11.48
5305,5352692,3310,215389840,39.6,41.3,39.25,39.3,0.15,39.3,22,39.45,3,19.95
5388,774450,485,63386932,82.2,82.5,81.1,82.4,0.4,82.4,14,82.5,16,14.98
5434,916754,705,75898322,82.3,83.4,82.3,82.9,2.3,82.8,10,83.0,14,12.41
5469,2929741,946,55937603,18.95,19.3,18.85,18.85,0.05,18.85,12,18.95,6,9.92
5471,1015300,587,37963559,37.5,37.85,37.1,37.1,0.8,37.05,19,37.1,6,23.48
5484,443858,200,2443834,5.6,5.74,5.42,5.55,0.25,5.55,6,5.6,3,0.0
5515,337021,58,3869135,11.45,11.55,11.4,11.45,0.0,11.4,4,11.45,14,38.17
5519,30000,17,315000,10.6,10.6,10.45,10.5,0.0,10.5,10,10.55,24,10.19
5521,2623556,495,43055010,16.2,16.55,16.2,16.45,0.3,16.4,279,16.45,9,96.76
5522,278818,232,8868576,31.55,32.0,31.55,32.0,0.55,31.9,1,32.0,80,37.21
5525,241136,71,4006420,16.7,16.85,16.4,16.8,0.0,16.7,1,16.8,13,120.0
5531,449610,106,4634159,10.3,10.4,10.25,10.35,0.0,10.3,22,10.35,29,19.9
5533,48383,27,764461,15.9,15.9,15.7,15.8,0.05,15.75,1,15.8,1,21.94
5534,717203,513,59465525,82.5,83.4,82.5,83.4,0.9,83.3,4,83.4,15,10.46
5538,34000,12,1397850,41.25,41.25,41.0,41.1,0.15,40.9,2,41.2,1,10.82
5607,1986220,644,40294066,20.9,20.9,19.8,19.8,0.85,19.8,133,19.85,5,13.66
5608,210379,101,1847372,8.8,8.83,8.72,8.78,0.02,8.78,4,8.79,25,0.0
5706,16550,18,560900,33.95,34.1,33.8,34.1,0.1,33.9,3,34.1,9,12.09
5871,3966345,2774,385277792,96.4,98.0,96.2,97.1,1.2,97.1,11,97.2,88,12.53
5880,7407987,1869,125660929,16.95,17.0,16.9,17.0,0.1,16.95,732,17.0,1952,13.93
5906,438106,154,3994963,9.13,9.13,9.0,9.13,0.83,9.13,610,,0,228.25
5907,122000,60,2787550,22.75,22.9,22.75,22.9,0.05,22.85,1,22.9,14,19.08
6005,2450281,615,27548216,11.2,11.3,11.15,11.3,0.2,11.25,29,11.3,4,11.53
6024,3567904,1924,213322380,58.3,62.1,58.0,59.5,2.2,59.5,6,59.6,20,13.84
6108,185017,126,4809292,26.0,26.05,25.95,26.0,0.0,26.0,1,26.05,54,10.08
6112,299244,166,9524351,31.75,31.9,31.65,31.9,0.15,31.85,1,31.9,47,12.61
6115,61700,45,2784869,45.1,45.3,45.05,45.1,0.0,45.1,6,45.15,3,14.09
6116,18358320,4087,181999243,10.0,10.0,9.84,9.91,0.14,9.91,200,9.92,83,3.84
6117,259733,112,5438909,20.8,21.5,20.5,21.1,0.05,20.85,6,21.15,2,0.0
6120,14777196,6136,392692281,27.55,28.0,25.5,26.7,0.85,26.7,70,26.9,17,46.03
6128,384500,214,16171146,42.0,42.2,41.85,42.1,0.1,42.05,4,42.15,7,15.95
6131,374028,98,7035568,19.0,19.0,18.6,18.7,0.3,18.7,65,18.8,45,13.85
6133,191155,40,1903229,9.96,10.05,9.92,9.95,0.05,9.95,7,10.0,3,47.38
6136,66387,60,1610329,24.4,24.4,24.2,24.2,0.1,24.2,11,24.25,3,17.04
6139,415343,271,14447983,34.8,35.05,34.6,34.8,0.2,34.8,10,34.9,17,13.23
6141,4996507,2120,120774768,24.75,24.8,23.65,24.4,0.4,24.35,4,24.4,24,18.77
6142,424435,162,3391618,8.06,8.09,7.92,7.93,0.12,7.93,16,7.97,13,0.0
6145,1108754,474,13299310,12.1,12.15,11.85,11.95,0.1,11.9,38,11.95,172,0.0
6152,427489,171,3488889,8.15,8.26,8.13,8.15,0.17,8.14,14,8.19,1,0.0
6153,10717910,4149,403762502,38.2,38.2,37.35,37.45,0.35,37.45,232,37.5,23,120.81
6155,145110,82,3036925,21.1,21.35,20.75,20.8,0.2,20.75,7,20.8,4,41.6
6164,79196,46,970937,12.3,12.3,12.2,12.2,0.05,12.2,9,12.25,1,24.9
6165,743000,395,12250200,17.05,17.05,16.15,16.7,0.2,16.3,1,16.7,18,835.0
6166,293565,244,17816995,61.4,61.4,60.2,61.1,0.9,60.6,6,61.1,2,24.54
6168,7982914,3320,170744825,20.7,21.95,20.7,21.85,1.15,21.75,5,21.85,9,20.42
6172,1000,1,10750,10.75,10.75,10.75,10.75,0.6,10.95,2,12.3,1,53.75
6176,6119752,3997,477877126,78.0,78.9,77.1,78.1,0.4,78.1,76,78.5,5,10.83
6177,104154,80,3384750,32.7,32.7,32.35,32.35,0.0,32.35,1,32.6,2,8.17
6183,67723,47,2162390,32.1,32.1,31.85,31.9,0.2,31.85,24,31.95,10,18.76
6184,492537,328,19460728,40.2,40.8,38.7,38.7,1.3,38.7,1,38.95,5,29.54
6189,134121,98,3801642,28.4,28.4,28.3,28.35,0.05,28.3,48,28.35,1,12.95
6191,1103705,398,14333218,13.15,13.15,12.9,13.05,0.1,13.0,17,13.05,59,15.17
6192,50670,46,2937393,58.0,58.2,57.8,58.2,0.2,58.0,4,58.2,4,12.6
6196,1478362,804,63303295,43.3,43.65,42.55,42.6,0.35,42.6,5,42.65,8,11.54
6197,185055,151,5200240,28.0,28.2,28.0,28.15,0.0,28.15,5,28.2,7,9.02
6201,73143,53,2271304,31.1,31.3,30.9,31.15,0.05,31.15,2,31.35,3,13.54
6202,1068892,791,87590503,82.8,82.8,81.3,81.8,0.0,81.8,8,81.9,4,20.0
6205,88061,49,2549919,29.15,29.3,28.9,28.9,0.45,28.9,2,28.95,1,12.04
6206,132248,91,10846736,82.6,82.6,81.8,82.0,0.1,82.0,6,82.2,2,15.21
6209,2982463,1783,108285156,35.6,36.7,35.6,36.3,1.0,36.2,1,36.3,10,0.0
6213,1115851,651,79693088,71.5,72.0,70.9,71.5,0.3,71.3,8,71.5,728,18.77
6214,577262,417,34587420,59.9,60.3,59.7,60.0,0.0,59.9,2,60.0,256,13.73
6215,2200270,1280,59466754,26.45,27.5,26.35,26.9,0.7,26.9,22,26.95,1,24.45
6216,51507,53,1466568,28.6,28.6,28.2,28.5,0.1,28.45,1,28.5,1,12.23
6224,578570,342,35363707,61.0,61.8,60.7,61.1,0.8,61.1,2,61.2,1,14.51
6225,35204,18,104512,2.95,3.0,2.95,3.0,0.03,2.97,1,3.0,6,0.0
6226,1014864,276,10250548,9.98,10.2,9.98,10.0,0.09,10.0,62,10.05,1,13.89
6230,224223,200,20748562,93.9,93.9,92.1,92.5,0.5,92.4,1,92.5,5,12.08
6235,657100,290,12822485,19.45,19.6,19.35,19.6,0.25,19.55,6,19.6,22,2.62
6239,1164503,801,106812019,91.0,92.5,90.9,91.5,1.0,91.3,11,91.5,46,12.64
6243,147274,106,2432141,16.6,16.7,16.2,16.55,0.05,16.4,1,16.6,7,0.0
6251,408099,250,4215117,10.45,10.45,10.25,10.3,0.15,10.3,12,10.35,35,343.33
6257,6929756,2844,259435955,37.7,37.7,37.2,37.5,0.1,37.45,4,37.5,23,13.59
6269,1822571,1119,200841810,110.0,111.0,109.5,110.5,1.5,110.0,24,110.5,80,11.12
6271,352326,305,39657675,113.5,114.0,111.5,112.0,1.5,112.0,4,112.5,9,18.86
6277,86351,81,7558752,87.7,88.0,87.2,87.5,0.0,87.3,2,87.5,10,14.93
6278,365750,214,10622433,28.9,29.2,28.9,29.0,0.2,29.0,3,29.05,13,11.89
6281,60322,58,3922290,65.0,65.1,64.9,65.1,0.2,65.0,18,65.1,5,14.25
6282,1520159,736,32054205,21.3,21.3,21.0,21.15,0.0,21.1,35,21.15,40,35.25
6283,174483,134,6790739,39.15,39.35,38.7,38.9,0.05,38.8,2,38.9,4,69.46
6285,2343470,1710,184629230,79.4,79.7,78.4,78.9,0.0,78.9,1,79.0,12,13.33
6289,88049,32,186290,2.18,2.18,2.1,2.14,0.01,2.12,10,2.14,3,0.0
6405,38000,18,903900,23.8,23.8,23.7,23.75,0.0,23.7,3,23.9,5,32.53
6409,34338,38,17886140,513.0,525.0,513.0,525.0,5.0,520.0,5,525.0,2,30.29
6412,2222748,1355,136761589,63.6,63.7,60.2,61.0,2.0,61.0,445,61.1,10,11.71
6414,391738,387,202552332,522.0,529.0,511.0,514.0,9.0,513.0,17,514.0,1,37.35
6415,247471,189,155700114,619.0,636.0,619.0,628.0,18.0,628.0,2,629.0,1,29.96
6422,89000,83,5804600,65.1,65.5,65.0,65.3,0.5,65.2,10,65.3,5,12.07
6431,95000,45,1327100,13.95,14.2,13.9,13.9,0.05,13.85,1,13.95,1,0.0
6442,22000,22,858750,38.9,39.25,38.9,38.95,0.05,38.9,2,39.1,1,23.05
6443,1123699,325,10147333,9.02,9.06,9.01,9.03,0.03,9.03,9,9.04,5,0.0
6449,4297593,2551,269033086,64.4,64.4,61.3,61.7,1.9,61.6,33,61.7,14,21.65
6451,1525040,1077,218468720,142.5,145.0,140.5,143.0,2.0,143.0,24,143.5,2,42.56
6452,295830,180,113428474,382.0,385.0,381.0,383.5,1.5,383.5,17,384.0,5,26.14
6456,4308509,3154,745465798,174.5,176.0,171.0,172.0,3.0,172.0,16,172.5,43,8.39
6464,10000,2,1195000,119.5,119.5,119.5,119.5,0.0,117.5,1,119.5,2,22.85
6477,146066,93,3017010,20.9,20.9,20.5,20.6,0.2,20.55,2,20.6,1,29.43
6504,8000,8,1271500,161.5,161.5,157.5,160.0,1.0,158.5,1,161.0,2,20.59
6505,1399608,1161,159459612,114.5,114.5,113.5,113.5,1.0,113.5,100,114.0,73,13.56
6525,307000,247,23132200,75.1,76.0,75.0,75.1,0.3,75.1,1,75.3,2,13.25
6531,6346101,3527,663649750,111.0,112.0,100.0,101.5,7.0,101.5,1,102.0,32,17.65
6533,595958,488,73673876,126.5,127.0,122.0,122.0,4.0,122.0,13,122.5,4,123.23
6541,840210,658,76741693,93.1,93.1,89.5,91.1,1.7,91.1,5,91.3,6,0.0
6552,443000,342,25693400,59.7,59.8,56.6,57.6,2.0,57.6,40,58.1,1,1440.0
6573,237035,208,14829780,63.6,64.0,62.0,62.0,2.1,62.0,2,62.3,2,24.22
6579,45001,29,4001089,89.5,89.5,88.5,88.5,0.6,88.5,3,88.6,2,16.86
6581,644250,514,81636250,128.5,129.0,124.5,126.5,3.5,126.0,26,127.0,14,22.23
6582,299000,227,17360100,57.4,59.5,57.0,58.1,0.1,58.1,2,58.5,3,13.14
6591,394200,317,39659400,103.0,104.0,99.5,99.6,3.4,99.5,27,99.6,2,16.82
6605,338700,219,30174449,86.9,90.6,86.7,90.0,3.1,89.9,1,90.0,2,12.28
6625,66900,75,4880900,73.2,73.5,72.1,73.0,0.1,73.0,7,73.2,2,43.98
8011,197543,135,3746604,18.9,19.05,18.8,19.0,0.1,18.95,4,19.0,8,20.88
8016,230668,221,19459777,84.7,84.9,83.9,84.5,0.4,84.4,4,84.5,43,11.24
8021,898382,434,18713646,20.6,21.1,20.45,21.1,0.65,21.1,12,21.15,18,14.07
8033,1368027,596,17369677,12.8,13.0,12.5,12.6,0.6,12.6,21,12.65,10,0.0
8039,1394798,797,62796402,45.45,45.6,44.85,45.1,0.35,45.1,5,45.15,9,12.32
8046,13860705,5504,473476597,34.45,34.9,33.4,34.4,0.1,34.35,22,34.4,24,0.0
8070,1026243,732,156358179,155.5,155.5,150.5,151.0,3.0,150.5,33,151.0,16,11.04
8072,22897,18,479206,21.0,21.0,20.85,20.85,0.0,20.9,1,21.0,4,0.0
8081,111024,114,7468632,67.2,67.6,67.1,67.2,0.0,67.1,3,67.2,7,14.64
8101,587867,134,1994361,3.4,3.43,3.38,3.39,0.03,3.39,53,3.4,2,0.0
8103,665145,464,21752863,33.1,33.5,32.15,32.25,1.25,32.25,6,32.3,1,10.24
8105,29122845,4681,557774768,18.85,19.35,18.6,18.9,0.15,18.9,36,18.95,58,10.62
8110,5253400,1397,75721200,14.3,14.6,14.15,14.3,0.1,14.3,39,14.35,19,9.41
8112,3177507,1220,92587001,29.1,29.25,29.0,29.25,0.25,29.2,38,29.25,174,7.93
8114,81132,93,10849120,134.0,134.0,133.0,134.0,1.0,133.5,2,134.0,6,12.71
8131,301100,205,9071800,30.15,30.3,29.95,30.3,0.2,30.15,2,30.3,1,10.52
8150,6355968,2732,165105797,25.85,26.5,25.65,26.05,0.5,26.05,55,26.1,16,6.42
8163,738369,493,22814613,30.8,31.1,30.7,30.9,0.25,30.8,3,30.9,6,15.0
8201,606389,206,7793400,12.95,13.3,12.6,12.65,0.15,12.65,6,12.7,3,0.0
8210,171111,104,7829983,46.0,46.1,45.6,45.8,0.15,45.7,1,45.8,3,11.12
8213,380719,267,11357497,29.7,30.0,29.7,29.75,0.05,29.75,15,29.9,9,8.93
8215,1293082,614,24650369,19.25,19.3,18.8,18.9,0.25,18.9,15,18.95,6,13.4
8222,68147,110,1277500,18.9,18.9,18.6,18.7,0.1,18.65,4,18.8,9,46.75
8249,695613,389,18101818,26.55,26.55,25.8,26.05,0.55,26.0,3,26.1,1,13.36
8261,803044,488,23067586,29.15,29.25,28.55,28.55,0.4,28.55,5,28.65,3,158.61
8271,596478,479,23942836,40.35,40.45,40.05,40.05,0.1,40.05,31,40.1,25,9.96
8341,395181,303,97176095,245.0,250.0,243.0,243.0,0.5,242.5,9,243.0,1,34.57
8374,663000,432,19552800,30.0,30.15,29.1,29.25,0.45,29.2,7,29.25,4,16.34
8404,610593,285,38673277,62.8,64.1,62.4,63.1,0.1,63.0,5,63.1,38,36.06
8411,61489,42,1529702,25.0,25.0,24.75,24.75,0.4,24.75,2,24.95,2,14.14
8422,287675,245,52257683,181.5,182.5,181.0,182.0,1.0,181.5,1,182.0,2,15.03
8427,11000,10,465100,41.8,42.5,41.8,42.3,0.25,41.8,1,42.3,1,32.05
8429,672857,353,15236005,22.9,22.95,22.45,22.45,0.45,22.45,22,22.5,1,6.22
8442,7000,6,476800,68.0,68.4,68.0,68.0,0.4,67.7,1,68.4,3,0.0
8443,21203,13,285539,13.45,13.5,13.4,13.4,0.0,13.4,2,13.5,8,0.0
8454,115321,108,33348769,287.0,291.5,287.0,289.0,2.5,288.5,3,289.0,3,31.86
8463,129000,56,2324600,17.85,18.1,17.85,18.1,0.3,18.0,1,18.1,4,19.67
8464,304113,232,87987439,285.0,292.0,285.0,289.5,3.0,289.0,15,289.5,15,22.83
8466,29000,21,2334200,80.0,81.0,80.0,81.0,1.2,81.0,1,81.4,7,10.81
8467,4000,4,125050,31.5,31.5,30.55,31.5,0.0,31.1,1,31.8,1,20.06
8473,201148,162,13152968,65.5,65.8,65.0,65.4,0.5,65.3,3,65.4,22,19.52
8478,473003,386,30676398,61.5,66.7,60.9,65.6,4.8,65.5,2,65.6,40,19.07
8480,17000,12,2142000,126.0,126.0,126.0,126.0,1.0,126.0,1,126.5,1,17.24
8481,22000,9,953750,44.0,44.0,43.25,43.3,0.7,43.5,1,43.95,3,13.36
8488,4000,4,118200,29.5,29.6,29.5,29.6,0.2,29.1,1,29.7,3,11.89
8499,44000,35,3827200,87.0,87.9,86.8,87.0,1.0,87.0,10,87.5,4,13.1
8926,346737,233,8835951,25.35,25.6,25.35,25.6,0.15,25.55,3,25.6,22,13.06
8940,2820,3,37988,13.5,13.5,13.5,13.5,0.0,13.4,7,13.5,10,0.0
8996,749263,463,32977863,44.3,44.5,43.7,43.9,1.4,43.9,2,43.95,1,35.12
9103,42000,11,59990,1.43,1.44,1.42,1.42,0.01,1.42,42,1.43,45,0.0
910322,5000,1,148750,29.75,29.75,29.75,29.75,0.15,29.3,10,29.55,9,0.0
910482,1625198,59,557299,0.37,0.38,0.34,0.34,0.03,0.34,41,0.35,58,0.0
9105,1536913,239,4420419,2.88,2.89,2.86,2.88,0.01,2.86,262,2.88,46,0.0
910708,1,1,605,,,,,0.0,604.0,5,614.0,1,0.0
910861,93000,31,751430,8.08,8.22,7.97,8.1,0.07,8.08,1,8.16,1,0.0
9110,10000,5,30320,3.01,3.14,3.01,3.14,0.05,3.03,3,3.1,4,0.0
911608,0,0,0,,,,,0.0,1.91,4,2.06,2,0.0
911616,25000,13,29330,1.17,1.18,1.16,1.18,0.0,1.1,10,1.18,38,0.0
911619,0,0,0,,,,,0.0,0.83,13,0.92,5,0.0
911622,0,0,0,,,,,0.0,5.6,1,6.4,3,0.0
911868,3000,2,3810,1.27,1.27,1.27,1.27,0.0,1.25,2,1.27,3,0.0
912000,0,0,0,,,,,0.0,2.77,2,2.91,2,0.0
912398,0,0,0,,,,,0.0,7.71,5,8.18,1,0.0
9136,168000,35,1438060,8.58,8.58,8.52,8.56,0.01,8.55,2,8.56,48,0.0
9157,20000,9,27320,1.43,1.43,1.35,1.41,0.01,1.34,10,1.4,1,0.0
9188,7000,2,37700,5.38,5.42,5.38,5.42,0.01,5.4,5,5.42,15,0.0
9802,564220,377,37694940,67.2,67.3,65.9,66.8,0.2,66.8,7,66.9,2,12.12
9902,121377,61,1206637,9.9,10.0,9.88,9.88,0.02,9.88,10,9.9,5,0.0
9904,4983817,3259,183406979,36.7,37.0,36.6,36.8,0.45,36.75,3,36.8,50,8.2
9905,96000,50,2437450,25.4,25.45,25.3,25.45,0.15,25.4,1,25.5,38,12.54
9906,56000,38,823700,14.8,14.8,14.6,14.75,0.05,14.75,2,14.8,3,23.79
9907,728443,386,9736135,13.4,13.45,13.3,13.4,0.05,13.35,13,13.4,3,26.8
9908,80362,51,2238892,27.85,27.9,27.85,27.9,0.1,27.85,14,27.95,5,18.0
9910,429530,194,58076720,136.0,136.0,134.0,135.0,0.0,134.5,1,135.0,40,21.63
9911,159215,133,5959045,37.5,37.65,37.25,37.35,0.05,37.3,13,37.45,1,12.62
9912,102018,64,849584,8.32,8.41,8.3,8.31,0.01,8.31,15,8.34,2,207.75
9914,865906,728,115863964,133.5,134.5,133.0,134.0,0.5,133.5,12,134.0,11,29.0
9917,61521,59,5521055,89.4,90.2,89.3,90.2,0.8,89.9,1,90.2,6,39.05
9918,19515,9,639354,32.65,32.8,32.65,32.75,0.35,32.7,1,32.9,2,22.43
9919,138446,70,1665813,12.05,12.1,12.0,12.0,0.05,12.0,27,12.1,10,20.69
9921,110378,106,17560102,160.0,160.0,158.0,159.0,1.5,159.0,5,159.5,25,23.14
9924,55720,45,2049866,36.65,36.9,36.65,36.8,0.2,36.75,5,36.8,7,11.32
9925,53673,50,2055373,38.3,38.4,38.2,38.4,0.2,38.25,6,38.4,2,15.8
9926,188,1,7632,,,,,0.0,40.35,1,40.9,1,21.37
9927,334085,202,13214758,39.65,39.7,39.4,39.5,0.1,39.5,6,39.65,10,8.48
9928,1065,5,5692,5.35,5.35,5.35,5.35,0.0,5.09,1,5.29,4,0.0
9929,34208,14,369365,10.8,10.8,10.75,10.8,0.0,10.75,7,10.8,1,540.0
9930,38263,42,2186669,57.4,57.4,57.0,57.1,0.1,57.1,2,57.2,1,18.36
9931,1000,1,31050,31.05,31.05,31.05,31.05,0.0,31.1,1,31.75,1,18.37
9933,1535020,907,69830666,45.35,45.9,45.2,45.9,0.8,45.6,5,45.9,9,13.15
9934,3029105,1070,61225430,19.7,20.45,19.7,20.25,0.6,20.25,4,20.3,24,10.38
9935,758129,381,24258588,32.3,32.5,31.7,31.85,0.0,31.85,15,31.95,2,30.92
9937,24000,20,963050,40.1,40.25,40.0,40.25,0.0,40.05,6,40.25,20,18.3
9938,1281811,1061,115565529,90.9,91.7,89.0,89.9,0.8,89.9,1,90.0,56,16.26
9939,551325,382,29753813,53.7,54.2,53.7,54.2,0.7,54.1,20,54.2,35,12.46
9940,631373,387,26661307,42.0,42.35,41.9,42.25,0.35,42.2,4,42.25,1,9.69
9941,686695,469,79493815,114.0,117.0,113.0,116.5,2.0,116.0,10,116.5,17,15.01
9942,26012,26,2364876,90.8,91.0,90.8,91.0,0.6,91.0,1,91.2,2,14.26
9943,81334,58,4324101,53.4,53.4,53.0,53.3,0.2,53.1,10,53.3,1,12.22
9944,54000,25,1067650,19.75,19.85,19.6,19.65,0.1,19.6,9,19.65,1,50.38
9945,2080804,1071,69341323,33.6,33.6,33.2,33.25,0.1,33.25,28,33.3,40,7.51
9946,61446,37,799003,13.0,13.05,12.95,13.05,0.1,13.0,2,13.05,6,8.64
9955,43500,28,573999,13.2,13.3,13.15,13.25,0.05,13.2,2,13.25,1,0.0
9958,6666735,3944,384570995,59.8,59.8,56.8,57.2,1.3,57.2,13,57.3,32,178.75
